,Date,2,5,3,4
0,2015-02-09,28.6316,28.6316,28.6316,28.6316
1,2015-02-10,28.7454,28.7454,28.7454,28.7454
2,2015-02-11,26.4399,26.4399,26.4399,26.4399
3,2015-02-12,25.7972,25.7972,25.7972,25.7972
4,2015-02-13,23.4082,23.4082,23.4082,23.4082
5,2015-02-16,23.7066,23.7066,23.7066,23.7066
6,2015-02-17,24.3038,24.3038,24.3038,24.3038
7,2015-02-25,26.3277,26.3277,26.3277,26.3277
8,2015-02-26,26.1019,26.1019,26.1019,26.1019
9,2015-02-27,27.0375,27.0375,27.0375,27.0375
10,2015-03-02,28.0548,28.0548,28.0548,28.0548
11,2015-03-03,28.4514,28.4514,28.4514,28.4514
12,2015-03-04,27.6775,27.6775,27.6775,27.6775
13,2015-03-05,26.665,26.665,26.665,26.665
14,2015-03-06,26.4686,26.4686,26.4686,26.4686
15,2015-03-09,27.2221,27.2221,27.2221,27.2221
16,2015-03-10,26.215,26.215,26.215,26.215
17,2015-03-11,25.8558,25.8558,25.8558,25.8558
18,2015-03-12,25.9262,25.9262,25.9262,25.9262
19,2015-03-13,25.0115,25.0115,25.0115,25.0115
20,2015-03-16,25.1354,25.1354,25.1354,25.1354
21,2015-03-17,25.249000000000002,25.249000000000002,25.249000000000002,25.249000000000002
22,2015-03-18,25.1412,25.1412,25.1412,25.1412
23,2015-03-19,27.2979,27.2979,27.2979,27.2979
24,2015-03-20,26.4662,26.4662,26.4662,26.4662
25,2015-03-23,28.7566,28.7566,28.7566,28.7566
26,2015-03-24,30.6705,30.6705,30.6705,30.6705
27,2015-03-25,30.1591,30.1591,30.1591,30.1591
28,2015-03-26,29.0645,29.0645,29.0645,29.0645
29,2015-03-27,29.2751,29.2751,29.2751,29.2751
30,2015-03-30,27.8729,27.8729,27.8729,27.8729
31,2015-03-31,30.089000000000002,30.089000000000002,30.089000000000002,30.089000000000002
32,2015-04-01,30.3633,30.3633,30.3633,30.3633
33,2015-04-02,31.7668,31.7668,31.7668,31.7668
34,2015-04-03,31.1696,31.1696,31.1696,31.1696
35,2015-04-07,29.509,29.509,29.509,29.509
36,2015-04-08,31.9784,31.9784,31.9784,31.9784
37,2015-04-09,35.0614,35.0614,35.0614,35.0614
38,2015-04-10,33.4114,33.4114,33.4114,33.4114
39,2015-04-13,36.8629,36.8629,36.8629,36.8629
40,2015-04-14,40.1463,40.1463,40.1463,40.1463
41,2015-04-15,40.1346,40.1346,40.1346,40.1346
42,2015-04-16,37.3613,37.3613,37.3613,37.3613
43,2015-04-17,41.5703,41.5703,41.5703,41.5703
44,2015-04-20,47.7518,47.7518,47.7518,47.7518
45,2015-04-21,46.9036,46.9036,46.9036,46.9036
46,2015-04-22,44.2823,44.2823,44.2823,44.2823
47,2015-04-23,44.7196,44.7196,44.7196,44.7196
48,2015-04-24,45.6458,45.6458,45.6458,45.6458
49,2015-04-27,44.883,44.883,44.883,44.883
50,2015-04-28,46.5887,46.5887,46.5887,46.5887
51,2015-04-29,46.6082,46.6082,46.6082,46.6082
52,2015-04-30,46.5508,46.5508,46.5508,46.5508
53,2015-05-04,46.1333,46.1333,46.1333,46.1333
54,2015-05-05,45.4555,45.4555,45.4555,45.4555
55,2015-05-06,45.5531,45.5531,45.5531,45.5531
56,2015-05-07,46.7844,46.7844,46.7844,46.7844
57,2015-05-08,44.9657,44.9657,44.9657,44.9657
58,2015-05-11,45.7832,45.7832,45.7832,45.7832
59,2015-05-12,45.9665,45.9665,45.9665,45.9665
60,2015-05-13,46.0297,46.0297,46.0297,46.0297
61,2015-05-14,44.9597,44.9597,44.9597,44.9597
62,2015-05-15,41.4432,41.4432,41.4432,41.4432
63,2015-05-18,37.4794,37.4794,37.4794,37.4794
64,2015-05-19,37.2792,37.2792,37.2792,37.2792
65,2015-05-20,41.5153,41.5153,41.5153,41.5153
66,2015-05-21,42.0539,42.0539,42.0539,42.0539
67,2015-05-22,43.0132,43.0132,43.0132,43.0132
68,2015-05-25,45.8029,45.8029,45.8029,45.8029
69,2015-05-26,45.8141,45.8141,45.8141,45.8141
70,2015-05-27,46.9093,46.9093,46.9093,46.9093
71,2015-05-28,46.6321,46.6321,46.6321,46.6321
72,2015-05-29,47.2911,47.2911,47.2911,47.2911
73,2015-06-01,47.2164,47.2164,47.2164,47.2164
74,2015-06-02,47.6105,47.6105,47.6105,47.6105
75,2015-06-03,47.8958,47.8958,47.8958,47.8958
76,2015-06-04,46.5651,46.5651,46.5651,46.5651
77,2015-06-05,46.5987,46.5987,46.5987,46.5987
78,2015-06-08,43.6599,43.6599,43.6599,43.6599
79,2015-06-09,47.5486,47.5486,47.5486,47.5486
80,2015-06-10,48.0675,48.0675,48.0675,48.0675
81,2015-06-11,49.7448,49.7448,49.7448,49.7448
82,2015-06-12,49.7596,49.7596,49.7596,49.7596
83,2015-06-15,48.0577,48.0577,48.0577,48.0577
84,2015-06-16,47.273,47.273,47.273,47.273
85,2015-06-17,47.3137,47.3137,47.3137,47.3137
86,2015-06-18,47.0826,47.0826,47.0826,47.0826
87,2015-06-19,46.9001,46.9001,46.9001,46.9001
88,2015-06-23,51.1692,51.1692,51.1692,51.1692
89,2015-06-24,52.0489,52.0489,52.0489,52.0489
90,2015-06-25,47.4239,47.4239,47.4239,47.4239
91,2015-06-26,48.0836,48.0836,48.0836,48.0836
92,2015-06-29,60.0891,60.0891,60.0891,60.0891
93,2015-06-30,59.2061,59.2061,59.2061,59.2061
94,2015-07-01,55.9109,55.9109,55.9109,55.9109
95,2015-07-02,57.5449,57.5449,57.5449,57.5449
96,2015-07-03,55.1503,55.1503,55.1503,55.1503
97,2015-07-06,60.0779,60.0779,60.0779,60.0779
98,2015-07-07,54.8365,54.8365,54.8365,54.8365
99,2015-07-08,51.7027,51.7027,51.7027,51.7027
100,2015-07-09,55.3411,55.3411,55.3411,55.3411
101,2015-07-10,54.0227,54.0227,54.0227,54.0227
102,2015-07-13,52.9624,52.9624,52.9624,52.9624
103,2015-07-14,49.3106,49.3106,49.3106,49.3106
104,2015-07-15,45.0561,45.0561,45.0561,45.0561
105,2015-07-16,41.6284,41.6284,41.6284,41.6284
106,2015-07-17,39.3268,39.3268,39.3268,39.3268
107,2015-07-20,38.7251,38.7251,38.7251,38.7251
108,2015-07-21,38.7903,38.7903,38.7903,38.7903
109,2015-07-22,35.2575,35.2575,35.2575,35.2575
110,2015-07-23,32.984,32.984,32.984,32.984
111,2015-07-24,33.0885,33.0885,33.0885,33.0885
112,2015-07-27,30.4088,30.4088,30.4088,30.4088
113,2015-07-28,39.518,39.518,39.518,39.518
114,2015-07-29,41.7908,41.7908,41.7908,41.7908
115,2015-07-30,37.4274,37.4274,37.4274,37.4274
116,2015-07-31,40.1739,40.1739,40.1739,40.1739
117,2015-08-03,40.4451,40.4451,40.4451,40.4451
118,2015-08-04,40.0245,40.0245,40.0245,40.0245
119,2015-08-05,40.2605,40.2605,40.2605,40.2605
120,2015-08-06,41.5067,41.5067,41.5067,41.5067
121,2015-08-07,40.7918,40.7918,40.7918,40.7918
122,2015-08-10,40.7498,40.7498,40.7498,40.7498
123,2015-08-11,40.1818,40.1818,40.1818,40.1818
124,2015-08-12,39.8311,39.8311,39.8311,39.8311
125,2015-08-13,39.6113,39.6113,39.6113,39.6113
126,2015-08-14,39.6506,39.6506,39.6506,39.6506
127,2015-08-17,40.0616,40.0616,40.0616,40.0616
128,2015-08-18,39.0725,39.0725,39.0725,39.0725
129,2015-08-19,37.4212,37.4212,37.4212,37.4212
130,2015-08-20,38.0322,38.0322,38.0322,38.0322
131,2015-08-21,35.2022,35.2022,35.2022,35.2022
132,2015-08-24,35.6079,35.6079,35.6079,35.6079
133,2015-08-25,48.3377,48.3377,48.3377,48.3377
134,2015-08-26,63.7886,63.7886,63.7886,63.7886
135,2015-08-27,61.1441,61.1441,61.1441,61.1441
136,2015-08-28,61.1636,61.1636,61.1636,61.1636
137,2015-08-31,62.2757,62.2757,62.2757,62.2757
138,2015-09-01,63.3325,63.3325,63.3325,63.3325
139,2015-09-02,60.8786,60.8786,60.8786,60.8786
140,2015-09-07,59.4933,59.4933,59.4933,59.4933
141,2015-09-08,47.9826,47.9826,47.9826,47.9826
142,2015-09-09,45.6272,45.6272,45.6272,45.6272
143,2015-09-10,41.7812,41.7812,41.7812,41.7812
144,2015-09-11,40.8639,40.8639,40.8639,40.8639
145,2015-09-14,42.346000000000004,42.346000000000004,42.346000000000004,42.346000000000004
146,2015-09-15,44.6282,44.6282,44.6282,44.6282
147,2015-09-16,41.3402,41.3402,41.3402,41.3402
148,2015-09-17,41.0635,41.0635,41.0635,41.0635
149,2015-09-18,40.1929,40.1929,40.1929,40.1929
150,2015-09-21,39.8087,39.8087,39.8087,39.8087
151,2015-09-22,37.1681,37.1681,37.1681,37.1681
152,2015-09-23,38.9306,38.9306,38.9306,38.9306
153,2015-09-24,37.6316,37.6316,37.6316,37.6316
154,2015-09-25,34.9099,34.9099,34.9099,34.9099
155,2015-09-28,31.9261,31.9261,31.9261,31.9261
156,2015-09-29,31.0967,31.0967,31.0967,31.0967
157,2015-09-30,30.654,30.654,30.654,30.654
158,2015-10-08,31.704,31.704,31.704,31.704
159,2015-10-09,30.0705,30.0705,30.0705,30.0705
160,2015-10-12,30.0717,30.0717,30.0717,30.0717
161,2015-10-13,31.9466,31.9466,31.9466,31.9466
162,2015-10-14,31.7062,31.7062,31.7062,31.7062
163,2015-10-15,29.6642,29.6642,29.6642,29.6642
164,2015-10-16,29.264,29.264,29.264,29.264
165,2015-10-19,30.3393,30.3393,30.3393,30.3393
166,2015-10-20,30.9892,30.9892,30.9892,30.9892
167,2015-10-21,32.7614,32.7614,32.7614,32.7614
168,2015-10-22,31.7985,31.7985,31.7985,31.7985
169,2015-10-23,30.6435,30.6435,30.6435,30.6435
170,2015-10-26,32.3929,32.3929,32.3929,32.3929
171,2015-10-27,30.8603,30.8603,30.8603,30.8603
172,2015-10-28,31.724,31.724,31.724,31.724
173,2015-10-29,31.7585,31.7585,31.7585,31.7585
174,2015-10-30,28.9647,28.9647,28.9647,28.9647
175,2015-11-02,29.8393,29.8393,29.8393,29.8393
176,2015-11-03,30.0101,30.0101,30.0101,30.0101
177,2015-11-04,30.249000000000002,30.249000000000002,30.249000000000002,30.249000000000002
178,2015-11-05,32.1612,32.1612,32.1612,32.1612
179,2015-11-06,32.4463,32.4463,32.4463,32.4463
180,2015-11-09,41.9332,41.9332,41.9332,41.9332
181,2015-11-10,43.0988,43.0988,43.0988,43.0988
182,2015-11-11,39.618,39.618,39.618,39.618
183,2015-11-12,38.7038,38.7038,38.7038,38.7038
184,2015-11-13,37.738,37.738,37.738,37.738
185,2015-11-16,38.3731,38.3731,38.3731,38.3731
186,2015-11-17,37.7239,37.7239,37.7239,37.7239
187,2015-11-18,37.0288,37.0288,37.0288,37.0288
188,2015-11-19,35.9863,35.9863,35.9863,35.9863
189,2015-11-20,34.0408,34.0408,34.0408,34.0408
190,2015-11-23,33.2238,33.2238,33.2238,33.2238
191,2015-11-24,31.8275,31.8275,31.8275,31.8275
192,2015-11-25,32.2776,32.2776,32.2776,32.2776
193,2015-11-26,29.695,29.695,29.695,29.695
194,2015-11-27,34.5815,34.5815,34.5815,34.5815
195,2015-11-30,34.5255,34.5255,34.5255,34.5255
196,2015-12-01,33.7301,33.7301,33.7301,33.7301
197,2015-12-02,32.4515,32.4515,32.4515,32.4515
198,2015-12-03,32.5298,32.5298,32.5298,32.5298
199,2015-12-04,32.4942,32.4942,32.4942,32.4942
200,2015-12-07,31.6027,31.6027,31.6027,31.6027
201,2015-12-08,31.4566,31.4566,31.4566,31.4566
202,2015-12-09,31.1209,31.1209,31.1209,31.1209
203,2015-12-10,30.8645,30.8645,30.8645,30.8645
204,2015-12-11,30.765,30.765,30.765,30.765
205,2015-12-14,31.0886,31.0886,31.0886,31.0886
206,2015-12-15,30.4661,30.4661,30.4661,30.4661
207,2015-12-16,30.2768,30.2768,30.2768,30.2768
208,2015-12-17,29.274,29.274,29.274,29.274
209,2015-12-18,26.0774,26.0774,26.0774,26.0774
210,2015-12-21,26.6077,26.6077,26.6077,26.6077
211,2015-12-22,27.6896,27.6896,27.6896,27.6896
212,2015-12-23,28.0433,28.0433,28.0433,28.0433
213,2015-12-24,27.1862,27.1862,27.1862,27.1862
214,2015-12-25,26.2795,26.2795,26.2795,26.2795
215,2015-12-28,28.1345,28.1345,28.1345,28.1345
216,2015-12-29,27.2792,27.2792,27.2792,27.2792
217,2015-12-30,27.4574,27.4574,27.4574,27.4574
218,2015-12-31,27.9499,27.9499,27.9499,27.9499
219,2016-01-04,33.4391,33.4391,33.4391,33.4391
220,2016-01-05,32.1793,32.1793,32.1793,32.1793
221,2016-01-06,31.5087,31.5087,31.5087,31.5087
222,2016-01-07,23.3302,23.3302,23.3302,23.3302
223,2016-01-08,35.2173,35.2173,35.2173,35.2173
224,2016-01-11,33.8108,33.8108,33.8108,33.8108
225,2016-01-12,35.9145,35.9145,35.9145,35.9145
226,2016-01-13,34.7175,34.7175,34.7175,34.7175
227,2016-01-14,37.8001,37.8001,37.8001,37.8001
228,2016-01-15,35.4913,35.4913,35.4913,35.4913
229,2016-01-18,37.241,37.241,37.241,37.241
230,2016-01-19,37.3542,37.3542,37.3542,37.3542
231,2016-01-20,36.8065,36.8065,36.8065,36.8065
232,2016-01-21,35.1243,35.1243,35.1243,35.1243
233,2016-01-22,34.8739,34.8739,34.8739,34.8739
234,2016-01-25,34.743,34.743,34.743,34.743
235,2016-01-26,32.0158,32.0158,32.0158,32.0158
236,2016-01-27,38.4646,38.4646,38.4646,38.4646
237,2016-01-28,37.6672,37.6672,37.6672,37.6672
238,2016-01-29,38.9525,38.9525,38.9525,38.9525
239,2016-02-01,36.3725,36.3725,36.3725,36.3725
240,2016-02-02,35.1385,35.1385,35.1385,35.1385
241,2016-02-03,34.7962,34.7962,34.7962,34.7962
242,2016-02-04,34.5206,34.5206,34.5206,34.5206
243,2016-02-05,35.3771,35.3771,35.3771,35.3771
244,2016-02-15,37.3898,37.3898,37.3898,37.3898
245,2016-02-16,36.648,36.648,36.648,36.648
246,2016-02-17,35.5034,35.5034,35.5034,35.5034
247,2016-02-18,33.7867,33.7867,33.7867,33.7867
248,2016-02-19,32.2169,32.2169,32.2169,32.2169
249,2016-02-22,31.4423,31.4423,31.4423,31.4423
250,2016-02-23,32.3801,32.3801,32.3801,32.3801
251,2016-02-24,32.483000000000004,32.483000000000004,32.483000000000004,32.483000000000004
252,2016-02-25,33.8487,33.8487,33.8487,33.8487
253,2016-02-26,32.5314,32.5314,32.5314,32.5314
254,2016-02-29,32.6322,32.6322,32.6322,32.6322
255,2016-03-01,31.5121,31.5121,31.5121,31.5121
256,2016-03-02,33.1463,33.1463,33.1463,33.1463
257,2016-03-03,33.118,33.118,33.118,33.118
258,2016-03-04,33.0071,33.0071,33.0071,33.0071
259,2016-03-07,33.8201,33.8201,33.8201,33.8201
260,2016-03-08,33.4159,33.4159,33.4159,33.4159
261,2016-03-09,33.4663,33.4663,33.4663,33.4663
262,2016-03-10,33.6364,33.6364,33.6364,33.6364
263,2016-03-11,33.635999999999996,33.635999999999996,33.635999999999996,33.635999999999996
264,2016-03-14,33.2841,33.2841,33.2841,33.2841
265,2016-03-15,32.6382,32.6382,32.6382,32.6382
266,2016-03-16,31.8899,31.8899,31.8899,31.8899
267,2016-03-17,31.2471,31.2471,31.2471,31.2471
268,2016-03-18,31.1629,31.1629,31.1629,31.1629
269,2016-03-21,31.5606,31.5606,31.5606,31.5606
270,2016-03-22,33.1125,33.1125,33.1125,33.1125
271,2016-03-23,34.0404,34.0404,34.0404,34.0404
272,2016-03-24,32.9049,32.9049,32.9049,32.9049
273,2016-03-25,30.9842,30.9842,30.9842,30.9842
274,2016-03-28,31.0957,31.0957,31.0957,31.0957
275,2016-03-29,31.2112,31.2112,31.2112,31.2112
276,2016-03-30,30.8728,30.8728,30.8728,30.8728
277,2016-03-31,30.9589,30.9589,30.9589,30.9589
278,2016-04-01,30.4957,30.4957,30.4957,30.4957
279,2016-04-05,30.1875,30.1875,30.1875,30.1875
280,2016-04-06,29.9619,29.9619,29.9619,29.9619
281,2016-04-07,28.8004,28.8004,28.8004,28.8004
282,2016-04-08,27.6604,27.6604,27.6604,27.6604
283,2016-04-11,27.6271,27.6271,27.6271,27.6271
284,2016-04-12,26.6528,26.6528,26.6528,26.6528
285,2016-04-13,26.4958,26.4958,26.4958,26.4958
286,2016-04-14,26.0574,26.0574,26.0574,26.0574
287,2016-04-15,26.0488,26.0488,26.0488,26.0488
288,2016-04-18,26.194000000000003,26.194000000000003,26.194000000000003,26.194000000000003
289,2016-04-19,25.4861,25.4861,25.4861,25.4861
290,2016-04-20,25.618000000000002,25.618000000000002,25.618000000000002,25.618000000000002
291,2016-04-21,25.053,25.053,25.053,25.053
292,2016-04-22,24.5153,24.5153,24.5153,24.5153
293,2016-04-25,25.1649,25.1649,25.1649,25.1649
294,2016-04-26,25.5286,25.5286,25.5286,25.5286
295,2016-04-27,25.4694,25.4694,25.4694,25.4694
296,2016-04-28,24.4013,24.4013,24.4013,24.4013
297,2016-04-29,23.5798,23.5798,23.5798,23.5798
298,2016-05-03,23.4131,23.4131,23.4131,23.4131
299,2016-05-04,22.864,22.864,22.864,22.864
300,2016-05-05,22.5297,22.5297,22.5297,22.5297
301,2016-05-06,23.4901,23.4901,23.4901,23.4901
302,2016-05-09,26.1118,26.1118,26.1118,26.1118
303,2016-05-10,24.8869,24.8869,24.8869,24.8869
304,2016-05-11,23.4724,23.4724,23.4724,23.4724
305,2016-05-12,23.4546,23.4546,23.4546,23.4546
306,2016-05-13,22.7878,22.7878,22.7878,22.7878
307,2016-05-16,22.4988,22.4988,22.4988,22.4988
308,2016-05-17,22.026,22.026,22.026,22.026
309,2016-05-18,22.1293,22.1293,22.1293,22.1293
310,2016-05-19,21.4203,21.4203,21.4203,21.4203
311,2016-05-20,20.5421,20.5421,20.5421,20.5421
312,2016-05-23,19.8213,19.8213,19.8213,19.8213
313,2016-05-24,19.6363,19.6363,19.6363,19.6363
314,2016-05-25,20.2828,20.2828,20.2828,20.2828
315,2016-05-26,18.8977,18.8977,18.8977,18.8977
316,2016-05-27,18.3706,18.3706,18.3706,18.3706
317,2016-05-30,18.5749,18.5749,18.5749,18.5749
318,2016-05-31,21.5131,21.5131,21.5131,21.5131
319,2016-06-01,20.8555,20.8555,20.8555,20.8555
320,2016-06-02,20.6862,20.6862,20.6862,20.6862
321,2016-06-03,20.7885,20.7885,20.7885,20.7885
322,2016-06-06,20.8756,20.8756,20.8756,20.8756
323,2016-06-07,20.6707,20.6707,20.6707,20.6707
324,2016-06-08,21.0099,21.0099,21.0099,21.0099
325,2016-06-13,22.483,23.0635,23.0635,22.2546
326,2016-06-14,22.6655,21.879,22.6663,21.3992
327,2016-06-15,22.1608,19.702,22.3196,19.6253
328,2016-06-16,19.7734,19.3382,19.8222,18.7644
329,2016-06-17,19.1822,18.492,19.2218,18.4731
330,2016-06-20,19.1989,19.3271,19.7252,19.1122
331,2016-06-21,19.485,19.2386,19.8089,19.1786
332,2016-06-22,19.5204,19.8438,19.8535,19.2077
333,2016-06-23,19.8251,20.343,20.3566,19.8251
334,2016-06-24,20.6858,20.7115,22.6863,20.5952
335,2016-06-27,21.6903,20.4254,21.6908,20.3855
336,2016-06-28,20.8597,19.6695,20.8603,19.5896
337,2016-06-29,19.7401,19.2344,19.807000000000002,19.0413
338,2016-06-30,19.2057,18.578,19.267,18.4369
339,2016-07-01,18.7877,18.2145,18.7885,18.2145
340,2016-07-04,19.0418,18.2731,19.0778,18.2373
341,2016-07-05,18.7268,18.6359,18.8415,18.5516
342,2016-07-06,18.9505,18.6521,18.9934,18.5925
343,2016-07-07,18.7744,19.3006,19.3006,18.7744
344,2016-07-08,19.4357,19.2953,19.5804,19.2657
345,2016-07-11,19.8483,18.9971,19.8757,18.9468
346,2016-07-12,19.1539,18.9053,19.1826,18.4164
347,2016-07-13,19.4364,19.6865,19.9133,19.4048
348,2016-07-14,19.867,19.4933,20.0541,19.4388
349,2016-07-15,19.6429,19.5505,19.7854,19.3989
350,2016-07-18,20.4089,20.314,20.4679,20.1484
351,2016-07-19,20.4348,20.4041,20.5386,20.1698
352,2016-07-20,20.3833,20.2225,20.4967,20.0188
353,2016-07-21,20.3651,20.2729,20.7635,20.1481
354,2016-07-22,20.4161,20.0042,20.449,19.9469
355,2016-07-25,20.8557,19.8713,20.9325,19.8111
356,2016-07-26,20.1461,19.4558,20.1954,19.4188
357,2016-07-27,19.6483,20.3223,21.2886,19.4517
358,2016-07-28,20.0605,18.8861,20.3275,18.8844
359,2016-07-29,19.1447,18.7509,19.1456,18.6646
360,2016-08-01,19.5433,18.762999999999998,19.544,18.7522
361,2016-08-02,18.8988,18.2883,19.0142,18.250999999999998
362,2016-08-03,18.5806,17.8353,18.5813,17.7951
363,2016-08-04,18.0081,17.4533,18.0088,17.4533
364,2016-08-05,17.7227,17.1125,17.7234,17.055999999999997
365,2016-08-08,17.8156,17.0112,18.0842,16.9907
366,2016-08-09,17.1846,16.6417,17.1853,16.5127
367,2016-08-10,16.7966,16.6516,16.9018,16.6514
368,2016-08-11,16.8536,16.801,17.2589,16.6457
369,2016-08-12,16.9161,17.691,17.734,16.7904
370,2016-08-15,17.5492,20.1911,20.5032,17.4499
371,2016-08-16,21.4548,19.3581,21.5647,19.2938
372,2016-08-17,19.6298,19.3437,19.7996,19.2108
373,2016-08-18,19.5123,19.4756,19.9469,19.3698
374,2016-08-19,19.3697,19.4476,20.5731,19.3086
375,2016-08-22,20.0722,19.7288,20.4842,19.6695
376,2016-08-23,19.7954,19.4184,20.0182,19.3122
377,2016-08-24,19.7423,19.4684,19.7431,19.3069
378,2016-08-25,19.7843,19.7053,20.2135,19.7006
379,2016-08-26,20.0309,19.5985,20.0317,19.4273
380,2016-08-29,20.3903,20.1185,20.4163,20.1057
381,2016-08-30,20.1541,20.1023,20.3563,19.9257
382,2016-08-31,20.4967,20.4689,20.4971,20.1588
383,2016-09-01,20.6384,20.5272,20.7969,20.4754
384,2016-09-02,20.5303,20.3806,20.5309,20.2396
385,2016-09-05,21.0474,20.3414,21.048000000000002,20.3328
386,2016-09-06,20.4491,20.1442,20.4496,20.1007
387,2016-09-07,20.3243,20.1223,20.4144,20.0313
388,2016-09-08,20.1709,19.6593,20.1715,19.6545
389,2016-09-09,19.8279,18.5998,19.8286,18.558
390,2016-09-12,19.8408,19.3116,20.0537,19.3068
391,2016-09-13,19.0013,17.548,19.002,17.3234
392,2016-09-14,17.5909,17.6299,17.8152,17.5534
393,2016-09-19,18.602999999999998,17.4464,18.6036,17.4274
394,2016-09-20,17.6369,17.0596,17.6944,17.000999999999998
395,2016-09-21,17.2176,17.3491,17.3508,16.9555
396,2016-09-22,17.4262,16.2644,17.5161,16.2639
397,2016-09-23,16.1651,15.8062,16.4295,15.8048
398,2016-09-26,16.4699,16.3029,16.5993,16.0181
399,2016-09-27,16.8776,16.4956,17.0138,16.3417
400,2016-09-28,16.5992,16.5863,16.6827,16.4512
401,2016-09-29,16.4998,15.4359,16.5004,15.4236
402,2016-09-30,15.5006,16.314,16.3268,15.489
403,2016-10-10,18.2939,16.7826,18.2945,16.7497
404,2016-10-11,16.9246,16.1265,16.9331,16.0984
405,2016-10-12,16.3064,16.0834,16.307000000000002,16.0581
406,2016-10-13,16.3064,15.7849,16.3071,15.7744
407,2016-10-14,15.9383,15.2128,15.9732,15.2128
408,2016-10-17,15.7636,14.8807,15.8598,14.8248
409,2016-10-18,15.0068,15.2401,15.2462,14.468
410,2016-10-19,15.5546,15.6402,15.7279,15.4424
411,2016-10-20,15.6988,15.1858,15.6994,15.1858
412,2016-10-21,15.2076,14.9743,15.3884,14.9348
413,2016-10-24,15.7053,15.9077,16.9364,15.5293
414,2016-10-25,16.1221,16.141,16.4766,15.9246
415,2016-10-26,16.2707,16.3676,16.7445,16.2707
416,2016-10-27,16.5805,15.974,16.5812,15.7526
417,2016-10-28,16.1493,16.111,16.7483,16.0355
418,2016-10-31,16.6682,16.1138,16.7807,16.0989
419,2016-11-01,16.3114,16.3494,16.4352,16.0852
420,2016-11-02,16.7656,16.6846,16.7785,16.3837
421,2016-11-03,16.7738,17.7364,18.2757,16.7738
422,2016-11-04,18.0156,17.8593,18.3415,17.8422
423,2016-11-07,18.4274,19.0097,19.3414,18.3631
424,2016-11-08,19.2742,18.5906,19.3792,18.5679
425,2016-11-09,18.7117,18.3662,19.7337,18.2258
426,2016-11-10,18.4155,17.0305,18.4561,16.9316
427,2016-11-11,16.7245,16.265,16.9355,16.1937
428,2016-11-14,16.7573,17.0003,17.3825,16.7497
429,2016-11-15,17.1633,16.9205,17.2744,16.893
430,2016-11-16,17.1433,16.5954,17.1526,16.587
431,2016-11-17,16.688,16.2409,16.7824,16.2343
432,2016-11-18,16.2506,15.8746,16.2512,14.254000000000001
433,2016-11-21,16.3066,15.6527,16.3484,15.6113
434,2016-11-22,15.9009,16.1402,16.2217,15.6532
435,2016-11-23,16.445,16.3503,16.8722,16.2755
436,2016-11-24,16.3363,16.1278,16.5996,16.0284
437,2016-11-25,16.6132,16.027,16.6838,15.9231
438,2016-11-28,14.6334,15.6215,16.0104,14.1557
439,2016-11-29,15.5099,14.8641,16.2645,13.7171
440,2016-11-30,16.5656,16.39,17.8367,16.3473
441,2016-12-01,16.3862,15.8339,17.0121,15.7667
442,2016-12-02,16.0139,16.2158,16.2165,15.8606
443,2016-12-05,17.3382,16.3239,17.3385,16.2377
444,2016-12-06,16.4542,15.6687,16.637,15.6154
445,2016-12-07,15.8152,15.1474,16.278,15.1474
446,2016-12-08,15.2788,14.1541,15.4474,14.0847
447,2016-12-09,14.3194,14.5525,15.137,13.6727
448,2016-12-12,15.0993,15.4366,15.6507,14.0198
449,2016-12-13,15.6174,15.4348,16.0981,15.3751
450,2016-12-14,15.5391,15.8476,15.8616,15.3315
451,2016-12-15,16.0663,17.1673,17.2399,14.8568
452,2016-12-16,17.9646,16.4831,18.3784,16.4387
453,2016-12-19,17.3899,16.9669,17.6032,16.6838
454,2016-12-20,17.2448,18.4206,18.4405,16.8512
455,2016-12-21,18.5535,17.3762,18.644000000000002,17.0799
456,2016-12-22,17.5344,17.6567,18.0217,17.2924
457,2016-12-23,17.7926,17.5146,17.8958,17.4286
458,2016-12-26,18.3044,17.6348,19.1492,17.5794
459,2016-12-27,17.8577,18.4145,18.4581,17.7232
460,2016-12-28,18.5361,18.2837,18.7352,18.2593
461,2016-12-29,18.1779,17.3442,18.1825,17.3141
462,2016-12-30,17.4812,17.2165,17.5524,17.0999
463,2017-01-03,17.8,15.8554,17.9963,15.6901
464,2017-01-04,15.9419,14.7427,16.0498,14.7238
465,2017-01-05,15.1977,14.7299,15.1984,14.5021
466,2017-01-06,14.8581,14.4866,14.8584,14.2517
467,2017-01-09,14.9723,14.1227,14.9902,14.1084
468,2017-01-10,14.2994,13.8339,14.3259,13.6847
469,2017-01-11,14.0377,13.7803,14.038,13.6013
470,2017-01-12,14.1061,13.7944,14.1865,13.7574
471,2017-01-13,13.9438,13.2886,13.9719,13.1148
472,2017-01-16,13.8223,13.3441,14.0383,12.8019
473,2017-01-17,13.5402,12.3195,13.5405,12.283
474,2017-01-18,12.4346,12.0667,12.5469,12.0582
475,2017-01-19,12.5827,12.082,12.5934,12.077
476,2017-01-20,12.2571,11.7042,12.2574,11.6356
477,2017-01-23,12.1578,11.6617,12.1581,11.6318
478,2017-01-24,11.9549,11.6302,12.0978,11.5066
479,2017-01-25,11.8176,11.4316,12.0373,11.4144
480,2017-01-26,11.5764,11.3168,12.1158,10.937999999999999
481,2017-02-03,12.9056,12.4306,13.2329,12.0981
482,2017-02-06,13.0108,12.5106,13.5553,11.9064
483,2017-02-07,12.6989,11.9209,12.6992,11.8757
484,2017-02-08,12.0853,12.776,12.7835,11.3837
485,2017-02-09,12.9056,12.6272,17.7238,12.2607
486,2017-02-10,12.7765,12.4393,12.7788,12.4348
487,2017-02-13,12.9563,12.0384,12.9566,12.0384
488,2017-02-14,12.2147,11.365,15.3978,11.287
489,2017-02-15,11.4395,11.0995,11.5222,10.915999999999999
490,2017-02-16,11.2012,11.1853,11.3296,10.9367
491,2017-02-17,11.2843,11.6398,15.2605,11.0419
492,2017-02-20,12.0943,12.0542,12.1646,11.71
493,2017-02-21,12.1891,12.2948,13.5825,12.1397
494,2017-02-22,12.3588,11.8697,12.4836,11.8697
495,2017-02-23,11.8526,11.0627,15.6705,11.0501
496,2017-02-24,11.126,11.2442,11.4093,10.9602
497,2017-02-27,11.6,12.0966,12.1409,11.5463
498,2017-02-28,12.1769,11.9405,12.1771,11.7501
499,2017-03-01,12.1082,11.7225,12.1084,11.5946
500,2017-03-02,11.8228,12.030999999999999,12.2538,11.6233
501,2017-03-03,12.2398,11.3371,12.3699,11.3265
502,2017-03-06,11.947000000000001,11.7881,12.3508,11.0501
503,2017-03-07,11.2815,11.6027,11.9085,10.8734
504,2017-03-08,11.6964,10.8188,11.8482,10.7964
505,2017-03-09,10.8713,10.5697,11.1016,10.3112
506,2017-03-10,10.7252,10.2901,10.7935,10.2754
507,2017-03-13,10.7759,10.6323,11.0122,10.3314
508,2017-03-14,10.6871,10.7819,11.3776,10.3659
509,2017-03-15,10.8718,11.4936,11.4996,10.4108
510,2017-03-16,10.8807,10.3438,11.1886,10.3146
511,2017-03-17,10.4783,10.1195,10.6203,9.9552
512,2017-03-20,10.5381,10.104,10.9495,10.0866
513,2017-03-21,10.3308,10.1076,10.413,9.9107
514,2017-03-22,10.3161,10.1029,10.6575,10.0647
515,2017-03-23,10.1334,9.4478,10.1684,9.187999999999999
516,2017-03-24,9.6041,9.4304,9.6773,9.1563
517,2017-03-27,9.9404,10.2545,10.4061,9.786
518,2017-03-28,10.3476,10.3483,10.5273,10.0963
519,2017-03-29,10.3921,10.0366,10.4497,9.8585
520,2017-03-30,10.1553,9.9309,10.511,9.9229
521,2017-03-31,10.0012,9.6519,10.1862,9.6479
522,2017-04-05,10.6199,10.0703,10.6201,10.0703
523,2017-04-06,10.3439,10.0879,10.4811,10.0612
524,2017-04-07,10.1908,10.0523,10.191,9.9377
525,2017-04-10,10.5273,10.1217,10.5275,10.0769
526,2017-04-11,10.1542,9.9779,10.3873,9.9016
527,2017-04-12,10.1327,9.974,10.2208,9.9732
528,2017-04-13,10.117,9.9859,10.2973,9.9807
529,2017-04-14,10.0805,10.4188,10.6435,10.0661
530,2017-04-17,10.7753,10.2486,11.4167,10.2075
531,2017-04-18,10.3638,10.312000000000001,10.4687,10.2158
532,2017-04-19,10.3705,10.6693,11.2777,10.33
533,2017-04-20,10.7732,10.1881,10.8284,10.1632
534,2017-04-21,10.3676,9.7151,10.3678,9.5726
535,2017-04-24,9.9853,10.0734,12.5341,9.9853
536,2017-04-25,10.4004,9.6679,10.4006,9.6355
537,2017-04-26,9.8561,9.2913,10.4859,9.1179
538,2017-04-27,9.4293,9.0982,9.6652,9.0633
539,2017-04-28,9.0989,9.1259,9.3626,9.056000000000001
540,2017-05-02,9.4789,9.0908,9.5823,9.0291
541,2017-05-03,9.0603,9.0614,9.2676,8.9933
542,2017-05-04,9.1735,8.9974,9.4252,8.8926
543,2017-05-05,9.0989,9.2887,10.1671,9.0383
544,2017-05-08,9.6259,9.2524,9.8559,9.222999999999999
545,2017-05-09,9.4269,8.8356,9.427,8.8339
546,2017-05-10,8.9789,8.3752,9.5821,8.2797
547,2017-05-11,8.5436,8.3062,8.844,8.3055
548,2017-05-12,8.3965,8.7508,9.0335,7.9544
549,2017-05-15,9.1721,8.8653,9.1862,8.8592
550,2017-05-16,8.9575,8.6713,9.0843,8.6674
551,2017-05-17,8.8041,8.5592,8.9153,8.5574
552,2017-05-18,8.6174,8.486,8.7866,8.3005
553,2017-05-19,8.544,8.6439,8.7565,8.4232
554,2017-05-22,8.9412,8.4707,9.0798,8.3546
555,2017-05-23,8.4863,8.5879,8.7363,8.1824
556,2017-05-24,8.642000000000001,8.7018,9.5871,8.5936
557,2017-05-25,8.8005,12.3467,13.0131,8.5576
558,2017-05-26,12.4674,10.8754,13.4016,10.8021
559,2017-05-31,12.2537,12.0327,13.1745,11.595999999999998
560,2017-06-01,12.5711,12.1212,12.8903,12.095
561,2017-06-02,12.886,12.9022,13.4362,12.7458
562,2017-06-05,13.4592,12.4569,13.4594,12.3717
563,2017-06-06,12.5563,12.4844,12.8867,12.2556
564,2017-06-07,12.7274,13.8251,13.952,12.5687
565,2017-06-08,13.940999999999999,14.2278,14.3808,13.8061
566,2017-06-09,14.3855,15.0922,15.5669,14.3518
567,2017-06-12,15.5822,15.4469,16.3258,15.2388
568,2017-06-13,15.6048,15.0869,15.7607,15.0869
569,2017-06-14,15.3311,14.4919,15.4407,14.2408
570,2017-06-15,14.7006,13.8954,14.7394,13.7625
571,2017-06-16,13.9953,13.2809,14.0916,13.2605
572,2017-06-19,13.8028,13.6909,13.8617,13.252
573,2017-06-20,13.8976,13.9881,14.2807,13.8278
574,2017-06-21,14.2071,13.3657,14.478,13.305
575,2017-06-22,13.3677,13.6138,14.8001,13.0705
576,2017-06-23,13.7797,13.9033,14.04,13.3481
577,2017-06-26,15.0562,15.3767,15.7156,15.0479
578,2017-06-27,15.6374,14.8559,15.6525,14.7943
579,2017-06-28,15.1019,15.0408,15.2609,14.9114
580,2017-06-29,14.9423,14.4679,15.1563,14.4669
581,2017-06-30,14.6486,14.4046,14.8415,14.3387
582,2017-07-03,14.8631,14.0748,14.9046,14.0519
583,2017-07-04,14.2029,13.2969,14.2449,13.2948
584,2017-07-05,13.466,14.2224,14.2956,13.3156
585,2017-07-06,14.3739,13.8219,14.5075,13.6782
586,2017-07-07,13.9191,13.8786,14.1079,13.850999999999999
587,2017-07-10,14.3484,13.8971,14.4013,13.8643
588,2017-07-11,14.4853,13.7269,14.5866,13.6803
589,2017-07-12,13.8351,14.7766,14.8629,13.8059
590,2017-07-13,14.9499,14.7823,15.085,14.6267
591,2017-07-14,15.9741,15.7619,16.2437,15.6186
592,2017-07-17,16.6717,17.3459,17.8821,16.1188
593,2017-07-18,17.5947,16.9209,18.0858,16.9139
594,2017-07-19,17.1841,16.9889,17.4476,16.2996
595,2017-07-20,17.2473,17.2003,20.305999999999997,17.1363
596,2017-07-21,17.3823,16.1539,17.7589,16.0757
597,2017-07-24,16.8982,15.7097,16.8985,15.5722
598,2017-07-25,16.0153,15.3821,16.3859,15.359000000000002
599,2017-07-26,15.5696,15.933,15.9636,15.3602
600,2017-07-27,16.0847,15.8786,16.5119,15.8633
601,2017-07-28,16.0234,15.5693,16.3098,15.5202
602,2017-07-31,16.1894,15.7472,16.259,15.6288
603,2017-08-01,15.8535,15.062999999999999,15.9293,15.0451
604,2017-08-02,15.2767,14.8226,15.8621,14.7627
605,2017-08-03,15.6418,15.2681,16.8061,15.1967
606,2017-08-04,15.3845,14.9441,15.6762,14.9223
607,2017-08-07,15.6049,15.3747,15.6676,15.235999999999999
608,2017-08-08,15.507,14.9936,15.6751,14.9934
609,2017-08-09,15.1694,14.2543,15.324000000000002,14.2541
610,2017-08-10,14.4407,13.6841,14.5004,13.5342
611,2017-08-11,14.0209,14.6045,14.8049,13.8664
612,2017-08-14,15.2599,14.2698,15.3566,14.0231
613,2017-08-15,14.4341,14.0033,14.4344,13.993
614,2017-08-16,14.1785,13.9183,14.4538,13.8007
615,2017-08-17,14.0093,13.6937,14.0343,13.6352
616,2017-08-18,14.1756,13.4611,14.618,13.4175
617,2017-08-21,13.9144,13.0964,14.0985,13.09
618,2017-08-22,13.2646,12.4566,14.8478,12.4073
619,2017-08-23,12.5738,13.1068,13.4062,12.5738
620,2017-08-24,13.2367,12.7809,13.2947,12.7406
621,2017-08-25,12.9749,13.8306,14.8545,12.7043
622,2017-08-28,14.5712,14.3247,15.6417,14.1163
623,2017-08-29,15.0883,14.9414,18.4181,14.7126
624,2017-08-30,14.9831,14.6678,15.1905,14.6565
625,2017-08-31,14.808,14.5854,15.0211,14.5578
626,2017-09-01,14.8908,14.4964,14.9528,14.4964
627,2017-09-04,15.014000000000001,15.0096,15.1885,14.8112
628,2017-09-05,15.2063,14.9858,15.3497,14.9439
629,2017-09-06,15.1785,15.2205,15.302,14.8779
630,2017-09-07,15.3725,14.7068,15.4214,14.6923
631,2017-09-08,14.9431,14.4603,14.9454,14.4054
632,2017-09-11,14.9944,15.1054,15.23,14.7754
633,2017-09-12,15.3725,15.1725,15.5036,15.0832
634,2017-09-13,15.3104,15.3057,15.5516,15.2032
635,2017-09-14,15.4625,14.0614,15.5013,13.9475
636,2017-09-15,14.2978,13.6167,14.3379,13.6074
637,2017-09-18,14.204,13.7042,14.3767,13.5072
638,2017-09-19,13.918,12.9431,13.9459,12.9317
639,2017-09-20,13.1312,12.8106,13.1806,12.8008
640,2017-09-21,13.0066,12.7534,13.2029,12.5359
641,2017-09-22,12.8959,12.5881,13.0715,12.5781
642,2017-09-25,13.0264,12.8247,13.3227,12.7975
643,2017-09-26,13.0282,12.7333,13.1367,12.5363
644,2017-09-27,12.8936,12.3133,13.0887,12.2219
645,2017-09-28,12.1607,10.5312,12.2033,10.530999999999999
646,2017-09-29,10.7208,11.1195,11.1529,10.6701
647,2017-10-09,13.5589,11.5841,14.2176,11.4705
648,2017-10-10,11.775,11.6434,12.0377,11.5068
649,2017-10-11,11.7688,11.0582,11.9201,10.8644
650,2017-10-12,11.187999999999999,10.681,11.3348,10.6015
651,2017-10-13,10.8416,10.6648,10.9204,10.5992
652,2017-10-16,11.057,10.5521,11.1321,10.3889
653,2017-10-17,11.1654,10.6622,11.1656,10.574000000000002
654,2017-10-18,10.6735,10.2603,10.8206,10.2113
655,2017-10-19,10.2422,10.4619,10.5386,10.1915
656,2017-10-20,10.6773,10.4566,10.7199,10.1633
657,2017-10-23,10.959000000000001,10.3253,10.9641,10.28
658,2017-10-24,10.5784,11.5942,11.7266,10.5511
659,2017-10-25,11.7308,11.3523,12.1544,11.2514
660,2017-10-26,11.5805,11.1568,11.7381,11.1165
661,2017-10-27,11.6695,10.7163,12.046,10.6137
662,2017-10-30,11.2719,11.5949,11.7209,11.1887
663,2017-10-31,11.7228,10.9312,11.8405,10.8536
664,2017-11-01,11.0856,10.6228,11.1145,10.5355
665,2017-11-02,10.8223,10.5701,10.9219,10.4993
666,2017-11-03,10.6883,10.4148,10.8233,10.3778
667,2017-11-06,10.8908,10.6659,11.0501,10.517000000000001
668,2017-11-07,10.7942,10.411,12.8311,10.3007
669,2017-11-08,10.7997,10.761,11.2508,10.7197
670,2017-11-09,10.8826,10.8631,11.2005,10.8613
671,2017-11-10,11.1326,11.4307,11.7796,11.0638
672,2017-11-13,11.8234,11.5236,12.9064,11.4955
673,2017-11-14,12.6473,12.2121,12.897,12.2121
674,2017-11-15,12.2679,12.3081,12.582,12.258
675,2017-11-16,12.3151,12.0279,12.5101,11.9869
676,2017-11-17,12.1446,12.6476,12.8587,12.1446
677,2017-11-20,13.3591,14.5608,14.6896,13.3591
678,2017-11-21,14.4994,14.5365,16.1803,14.4994
679,2017-11-22,14.8287,15.3584,17.3863,14.5202
680,2017-11-23,16.0367,16.1017,16.5445,14.9223
681,2017-11-24,16.413,16.9154,17.1357,16.2615
682,2017-11-27,17.6738,18.0222,18.5018,17.6072
683,2017-11-28,15.0433,15.0555,15.6827,14.873
684,2017-11-29,15.4043,15.6815,16.3813,15.0035
685,2017-11-30,15.8315,16.8045,16.8715,15.5549
686,2017-12-01,17.0913,17.9901,18.2983,16.9807
687,2017-12-04,18.6466,16.0269,18.9684,15.9432
688,2017-12-05,16.2441,15.327,16.2444,14.2782
689,2017-12-06,15.4732,16.2383,17.2768,15.4591
690,2017-12-07,16.3695,15.7504,17.1824,15.6956
691,2017-12-08,15.8719,15.0268,16.5416,14.9775
692,2017-12-11,15.6773,14.6837,15.879000000000001,14.6314
693,2017-12-12,14.8631,15.2397,15.3346,14.7638
694,2017-12-13,15.3454,15.147,15.6319,14.8176
695,2017-12-14,15.3369,14.995,15.7041,14.9191
696,2017-12-15,15.145999999999999,15.1753,16.0141,14.9449
697,2017-12-18,15.8258,15.3489,15.8766,15.2808
698,2017-12-19,15.4757,15.1222,15.5951,14.8589
699,2017-12-20,15.3188,15.3136,15.7227,15.2721
700,2017-12-21,15.4951,14.7645,15.6306,14.7562
701,2017-12-22,14.9677,14.6946,15.1739,14.6776
702,2017-12-25,15.4179,15.3206,15.7186,14.8651
703,2017-12-26,15.4894,15.1254,15.6792,14.8537
704,2017-12-27,15.1174,16.7912,16.7914,14.9918
705,2017-12-28,16.7082,15.5122,16.8148,15.2346
706,2017-12-29,15.7017,14.2726,15.7018,14.1291
707,2018-01-02,16.099,15.0325,16.0993,14.7344
708,2018-01-03,15.3965,14.8129,15.4611,14.5256
709,2018-01-04,14.9561,14.6709,15.0728,14.5295
710,2018-01-05,14.7805,14.4462,14.975999999999999,14.415
711,2018-01-08,15.0447,14.8107,15.3197,14.7509
712,2018-01-09,14.9772,14.2677,15.0131,14.2635
713,2018-01-10,14.4552,14.6426,14.7317,14.2898
714,2018-01-11,14.8742,14.9479,15.6495,14.7803
715,2018-01-12,15.15,14.3225,15.2242,14.3225
716,2018-01-15,14.9177,15.4627,15.720999999999998,14.8349
717,2018-01-16,15.605,15.9929,16.1016,15.605
718,2018-01-17,16.2905,16.9044,18.635,16.2155
719,2018-01-18,16.9631,18.8917,18.9054,16.8523
720,2018-01-19,19.1213,18.8832,19.5837,17.9893
721,2018-01-22,19.796,18.877,19.8686,18.7956
722,2018-01-23,20.184,19.2839,20.1844,18.4757
723,2018-01-24,19.703,21.0415,21.2018,19.6113
724,2018-01-25,20.9825,18.7759,21.08,18.7068
725,2018-01-26,18.8126,17.1138,19.1163,16.9478
726,2018-01-29,17.9105,18.4905,18.5766,16.9911
727,2018-01-30,18.8295,16.0816,18.8973,15.7761
728,2018-01-31,16.3237,17.1503,17.4406,16.2116
729,2018-02-01,17.3418,16.7855,17.6266,16.774
730,2018-02-02,17.186,17.034000000000002,18.1489,16.8406
731,2018-02-05,18.3916,18.5466,19.102999999999998,18.0396
732,2018-02-06,19.5333,22.2035,22.6151,19.4661
733,2018-02-07,21.6406,24.0553,24.2991,20.1458
734,2018-02-08,24.2884,25.6732,26.5362,24.2884
735,2018-02-09,27.0049,33.0582,38.3435,27.0049
736,2018-02-12,35.2338,28.1915,35.5604,24.8219
737,2018-02-13,28.3861,27.5291,28.3868,25.4008
738,2018-02-14,27.723000000000003,27.316,27.7494,26.1395
739,2018-02-22,27.32,27.07,27.66,27.07
740,2018-02-23,26.98,23.97,26.98,23.97
741,2018-02-26,23.98,24.32,24.9,23.92
742,2018-02-27,24.35,25.59,25.7,24.2
743,2018-02-28,24.6,25.97,25.99,24.6
744,2018-03-01,25.98,24.08,25.98,24.0
745,2018-03-02,24.08,23.6,24.2,23.5
746,2018-03-05,23.6,22.17,23.7,22.07
747,2018-03-06,22.15,21.15,22.17,21.07
748,2018-03-07,21.17,21.85,21.98,21.12
749,2018-03-08,21.84,20.93,21.84,20.93
750,2018-03-09,20.92,20.38,20.98,20.3
751,2018-03-12,20.36,21.29,21.45,20.3
752,2018-03-13,21.3,21.69,21.8,21.02
753,2018-03-14,21.78,20.81,21.97,20.23
754,2018-03-15,20.71,20.17,20.91,19.98
755,2018-03-16,20.7,20.59,20.72,19.77
756,2018-03-19,20.73,20.81,20.99,20.58
757,2018-03-20,21.22,20.59,21.34,20.31
758,2018-03-21,20.86,21.11,21.11,20.21
759,2018-03-22,20.95,20.57,21.62,20.35
760,2018-03-23,21.2,23.15,23.15,21.2
761,2018-03-26,24.7,23.11,25.52,22.56
762,2018-03-27,23.27,21.79,23.27,21.52
763,2018-03-28,21.92,21.4,22.48,21.06
764,2018-03-29,25.5,25.38,25.97,24.43
765,2018-03-30,25.34,24.85,26.01,24.43
766,2018-04-02,25.3,24.47,25.5,24.22
767,2018-04-03,25.13,24.38,25.16,24.12
768,2018-04-04,24.36,24.1,24.4,23.6
769,2018-04-09,24.71,24.66,24.73,24.58
770,2018-04-10,24.66,23.01,24.77,22.65
771,2018-04-11,23.3,23.21,23.36,22.86
772,2018-04-12,23.39,23.69,23.8,23.2
773,2018-04-13,23.4,23.79,23.8,23.2
774,2018-04-16,25.1,25.25,25.65,25.0
775,2018-04-17,25.25,25.32,25.89,25.12
776,2018-04-18,25.2,24.9,25.47,24.86
777,2018-04-19,25.15,23.3,25.15,23.27
778,2018-04-20,23.65,22.6,23.71,22.37
779,2018-04-23,23.4,22.51,23.4,22.49
780,2018-04-24,22.71,22.56,22.93,21.09
781,2018-04-25,22.95,22.3,23.97,22.23
782,2018-04-26,22.3,22.6,22.9,22.2
783,2018-04-27,22.85,23.39,24.37,22.49
784,2018-05-02,24.93,25.13,25.25,24.84
785,2018-05-03,25.26,25.3,25.68,24.76
786,2018-05-04,25.5,25.66,25.86,25.43
787,2018-05-07,26.44,25.46,26.6,25.34
788,2018-05-08,25.54,24.13,25.59,24.06
789,2018-05-09,24.37,23.68,24.44,23.5
790,2018-05-10,23.68,22.27,23.68,22.26
791,2018-05-11,22.4,21.78,22.47,21.68
792,2018-05-14,22.31,20.52,22.43,20.51
793,2018-05-15,20.76,19.57,20.8,19.09
794,2018-05-16,19.88,20.16,20.16,19.2
795,2018-05-17,19.99,18.78,20.13,18.72
796,2018-05-18,18.82,18.36,18.82,16.97
797,2018-05-21,18.78,17.95,19.12,17.54
798,2018-05-22,18.16,17.91,18.32,17.23
799,2018-05-23,17.8,18.57,18.59,17.51
800,2018-05-24,17.84,17.98,18.62,17.22
801,2018-05-25,18.02,17.99,18.37,17.56
802,2018-05-28,18.43,18.2,18.77,17.89
803,2018-05-29,18.57,18.8,19.02,18.42
804,2018-05-30,19.09,21.47,21.47,19.09
805,2018-05-31,20.83,20.27,21.16,19.76
806,2018-06-01,20.42,20.47,20.62,20.25
807,2018-06-04,20.55,19.52,20.61,19.08
808,2018-06-05,19.57,18.74,19.64,18.54
809,2018-06-06,19.1,18.86,19.1,18.57
810,2018-06-07,18.87,18.23,18.87,18.0
811,2018-06-08,18.23,19.24,19.76,18.23
812,2018-06-11,19.95,20.04,20.26,19.35
813,2018-06-12,20.35,18.94,20.35,18.85
814,2018-06-13,19.19,19.25,19.28,18.91
815,2018-06-14,19.56,19.62,19.99,18.91
816,2018-06-15,19.84,20.02,20.35,19.47
817,2018-06-19,21.99,23.67,25.08,21.72
818,2018-06-20,23.82,21.14,23.82,21.09
819,2018-06-21,21.3,19.86,21.4,19.34
820,2018-06-22,20.1,19.39,20.6,19.37
821,2018-06-25,20.19,20.49,20.49,19.54
822,2018-06-26,21.13,20.6,22.76,20.2
823,2018-06-27,21.06,22.15,22.64,20.41
824,2018-06-28,22.97,22.9,24.19,22.41
825,2018-06-29,22.91,21.16,23.23,20.81
826,2018-07-02,23.43,26.38,27.01,23.32
827,2018-07-03,25.55,25.93,27.62,25.0
828,2018-07-04,26.48,27.12,27.57,26.48
829,2018-07-05,27.4,27.43,28.19,26.6
830,2018-07-06,27.06,25.72,28.0,25.64
831,2018-07-09,26.11,22.74,26.11,22.71
832,2018-07-10,23.65,22.83,24.44,22.74
833,2018-07-11,26.19,25.52,27.61,25.43
834,2018-07-12,25.57,23.35,25.57,22.58
835,2018-07-13,23.95,23.52,24.64,23.52
836,2018-07-16,24.6,23.46,24.64,23.46
837,2018-07-17,23.97,22.9,24.46,22.86
838,2018-07-18,22.62,21.86,22.62,21.07
839,2018-07-19,21.45,20.73,21.45,20.27
840,2018-07-20,22.52,21.3,22.93,20.51
841,2018-07-23,22.96,21.37,23.0,21.21
842,2018-07-24,23.6,23.3,23.85,23.07
843,2018-07-25,23.7,23.28,24.16,23.25
844,2018-07-26,23.53,22.61,23.57,22.59
845,2018-07-27,22.88,21.68,23.26,21.6
846,2018-07-30,22.6,22.02,22.64,21.83
847,2018-07-31,22.38,21.94,22.45,21.94
848,2018-08-01,22.47,23.8,24.05,21.95
849,2018-08-02,24.2,24.73,26.22,24.09
850,2018-08-03,25.17,24.89,25.8,24.55
851,2018-08-06,25.69,25.73,26.34,24.81
852,2018-08-07,25.6,25.28,26.19,25.04
853,2018-08-08,25.43,25.43,25.92,25.34
854,2018-08-09,25.76,25.32,25.87,24.87
855,2018-08-10,25.35,24.53,25.7,24.35
856,2018-08-13,25.86,25.33,26.43,24.98
857,2018-08-14,25.45,25.19,25.82,25.11
858,2018-08-15,25.55,25.92,26.37,25.45
859,2018-08-16,27.0,26.17,28.06,26.01
860,2018-08-17,26.06,26.35,26.77,25.86
861,2018-08-20,27.23,26.3,27.39,26.29
862,2018-08-21,26.53,23.95,26.56,23.92
863,2018-08-22,24.28,22.97,24.35,22.9
864,2018-08-23,22.97,21.97,22.97,21.6
865,2018-08-24,22.24,21.91,22.37,21.08
866,2018-08-27,22.32,22.03,22.68,21.95
867,2018-08-28,22.21,22.21,22.43,21.86
868,2018-08-29,22.59,22.7,22.81,22.45
869,2018-08-30,22.68,22.72,23.02,22.05
870,2018-08-31,23.28,22.42,23.48,22.41
871,2018-09-03,22.46,23.03,23.03,22.46
872,2018-09-04,23.03,22.1,23.17,21.98
873,2018-09-05,22.37,23.25,23.37,22.35
874,2018-09-06,23.87,23.84,24.09,23.39
875,2018-09-07,23.78,23.39,23.94,23.21
876,2018-09-10,23.39,24.54,24.74,23.39
877,2018-09-11,24.63,23.96,24.69,23.9
878,2018-09-12,23.96,23.65,24.23,23.65
879,2018-09-13,23.73,23.1,23.9,23.0
880,2018-09-14,23.25,21.58,23.25,21.45
881,2018-09-17,22.41,20.94,22.42,20.94
882,2018-09-18,21.13,20.37,21.14,19.57
883,2018-09-19,20.55,19.19,20.62,18.83
884,2018-09-20,19.35,18.39,19.35,18.39
885,2018-09-21,18.75,19.25,19.35,18.35
886,2018-09-25,20.93,20.47,21.3,20.44
887,2018-09-26,20.76,21.11,22.01,20.36
888,2018-09-27,21.56,20.6,21.56,20.52
889,2018-09-28,20.75,21.78,22.01,20.58
890,2018-10-08,26.0,24.4,27.23,24.23
891,2018-10-09,24.05,23.11,24.05,22.94
892,2018-10-10,23.22,23.12,23.22,22.56
893,2018-10-11,25.37,25.56,25.7,24.04
894,2018-10-12,26.5,25.83,26.71,25.35
895,2018-10-15,26.75,26.85,27.11,26.56
896,2018-10-16,26.88,26.38,26.88,25.37
897,2018-10-17,25.9,26.53,27.36,25.87
898,2018-10-18,26.84,28.08,28.27,26.84
899,2018-10-19,28.5,26.04,29.07,25.62
900,2018-10-22,26.83,26.15,26.85,25.41
901,2018-10-23,26.63,27.46,27.67,26.45
902,2018-10-24,27.92,27.44,28.49,27.08
903,2018-10-25,29.6,28.47,29.86,28.34
904,2018-10-26,28.68,29.37,29.98,28.67
905,2018-10-29,31.5,31.81,32.12,31.5
906,2018-10-30,32.22,31.79,32.78,31.79
907,2018-10-31,32.27,31.1,32.61,31.01
908,2018-11-01,29.44,29.06,29.51,28.47
909,2018-11-02,29.38,28.28,29.4,28.28
910,2018-11-05,29.79,30.13,30.36,29.79
911,2018-11-06,30.47,30.84,30.91,30.47
912,2018-11-07,30.92,30.9,31.08,30.73
913,2018-11-08,30.73,30.43,30.94,30.42
914,2018-11-09,31.04,31.01,31.57,30.89
915,2018-11-12,31.83,31.33,32.04,31.19
916,2018-11-13,31.88,30.59,31.89,30.49
917,2018-11-14,30.9,30.04,30.93,30.04
918,2018-11-15,30.49,29.33,30.49,29.12
919,2018-11-16,29.61,28.68,29.61,28.45
920,2018-11-19,29.64,28.13,29.67,28.13
921,2018-11-20,28.54,27.24,28.59,27.04
922,2018-11-21,27.54,27.13,27.73,26.99
923,2018-11-22,27.41,26.35,27.54,26.26
924,2018-11-23,26.52,25.62,26.52,25.34
925,2018-11-26,26.63,25.76,26.75,25.34
926,2018-11-27,25.98,24.88,26.03,24.87
927,2018-11-28,25.11,24.19,25.11,23.85
928,2018-11-29,24.15,24.33,24.38,23.68
929,2018-11-30,24.13,24.9,24.95,23.68
930,2018-12-03,24.26,22.82,24.62,22.81
931,2018-12-04,22.23,20.83,22.26,20.76
932,2018-12-05,20.92,20.78,21.24,20.71
933,2018-12-06,20.49,20.94,21.22,20.49
934,2018-12-07,21.0,19.91,21.05,19.8
935,2018-12-10,20.5,20.36,20.65,19.83
936,2018-12-11,20.47,20.33,20.47,20.03
937,2018-12-12,20.44,20.17,20.44,20.02
938,2018-12-13,20.27,19.2,20.27,19.15
939,2018-12-14,19.41,19.44,19.67,19.23
940,2018-12-17,20.21,20.33,21.0,20.21
941,2018-12-18,20.58,20.64,21.12,20.52
942,2018-12-19,20.91,20.75,20.99,20.54
943,2018-12-20,21.5,23.2,24.0,21.47
944,2018-12-21,23.39,23.78,25.33,23.36
945,2018-12-24,25.94,22.83,26.05,22.8
946,2018-12-25,23.8,23.85,24.49,23.49
947,2018-12-26,24.01,23.38,24.7,23.38
948,2018-12-27,23.81,23.13,23.9,23.07
949,2018-12-28,23.08,22.71,23.08,22.64
950,2019-01-02,23.48,22.22,23.48,22.13
951,2019-01-03,22.37,21.68,22.37,21.33
952,2019-01-04,22.28,21.2,22.33,21.19
953,2019-01-07,21.79,21.61,22.17,21.49
954,2019-01-08,21.67,20.69,21.7,20.55
955,2019-01-09,20.43,18.87,20.43,18.67
956,2019-01-10,19.07,18.52,19.13,18.27
957,2019-01-11,18.49,18.15,18.5,17.92
958,2019-01-14,18.45,18.45,18.94,18.33
959,2019-01-15,18.46,17.61,18.46,17.35
960,2019-01-16,17.78,16.6,17.78,16.55
961,2019-01-17,16.71,17.21,17.21,16.57
962,2019-01-18,17.12,17.67,17.92,16.97
963,2019-01-21,18.52,18.93,19.92,18.38
964,2019-01-22,19.21,17.46,19.3,17.39
965,2019-01-23,17.84,16.9,17.89,16.84
966,2019-01-24,16.6,15.39,16.73,15.33
967,2019-01-25,15.42,15.02,15.47,14.77
968,2019-01-28,15.97,16.54,16.59,15.97
969,2019-01-29,16.9,17.81,17.86,16.89
970,2019-01-30,18.19,18.3,18.85,18.16
971,2019-01-31,18.42,18.03,18.47,17.77
972,2019-02-01,19.09,18.63,19.33,18.63
973,2019-02-11,21.0,19.05,21.0,19.02
974,2019-02-12,19.17,18.54,19.34,18.39
975,2019-02-13,18.7,20.0,20.17,18.63
976,2019-02-14,22.28,21.95,23.29,21.91
977,2019-02-15,23.12,20.32,23.32,19.99
978,2019-02-18,21.3,21.99,22.13,21.22
979,2019-02-19,23.61,22.86,23.61,22.6
980,2019-02-20,24.15,23.65,24.43,22.93
981,2019-02-21,24.82,22.58,24.87,21.83
982,2019-02-22,23.84,22.36,23.98,22.02
983,2019-02-25,24.1,32.8,23.8,34.21
984,2019-02-26,34.3,30.98,36.51,30.06
985,2019-02-27,30.95,30.93,31.75,30.41
986,2019-02-28,31.08,29.13,31.09,28.85
987,2019-03-01,28.6,27.32,28.6,27.26
988,2019-03-04,28.63,29.6,32.69,28.63
989,2019-03-05,29.91,30.52,30.74,29.91
990,2019-03-06,30.55,31.51,32.07,30.55
991,2019-03-07,31.89,32.65,32.65,31.89
992,2019-03-08,32.51,33.02,33.56,31.82
993,2019-03-11,33.17,30.11,33.54,28.9
994,2019-03-12,30.27,30.11,31.21,29.55
995,2019-03-13,30.4,30.0,30.95,29.6
996,2019-03-14,30.1,28.2,30.4,27.4
997,2019-03-15,28.34,27.19,28.34,26.86
998,2019-03-18,29.67,27.39,30.41,27.39
999,2019-03-19,29.2,29.85,30.22,29.2
1000,2019-03-20,29.78,29.37,30.05,29.17
