,1,2,3,4,5
0,1423440000000,28.6316,28.6316,28.6316,28.6316
1,1423526400000,28.7454,28.7454,28.7454,28.7454
2,1423612800000,26.4399,26.4399,26.4399,26.4399
3,1423699200000,25.7972,25.7972,25.7972,25.7972
4,1423785600000,23.4082,23.4082,23.4082,23.4082
5,1424044800000,23.7066,23.7066,23.7066,23.7066
6,1424131200000,24.3038,24.3038,24.3038,24.3038
7,1424822400000,26.3277,26.3277,26.3277,26.3277
8,1424908800000,26.1019,26.1019,26.1019,26.1019
9,1424995200000,27.0375,27.0375,27.0375,27.0375
10,1425254400000,28.0548,28.0548,28.0548,28.0548
11,1425340800000,28.4514,28.4514,28.4514,28.4514
12,1425427200000,27.6775,27.6775,27.6775,27.6775
13,1425513600000,26.665,26.665,26.665,26.665
14,1425600000000,26.4686,26.4686,26.4686,26.4686
15,1425859200000,27.2221,27.2221,27.2221,27.2221
16,1425945600000,26.215,26.215,26.215,26.215
17,1426032000000,25.8558,25.8558,25.8558,25.8558
18,1426118400000,25.9262,25.9262,25.9262,25.9262
19,1426204800000,25.0115,25.0115,25.0115,25.0115
20,1426464000000,25.1354,25.1354,25.1354,25.1354
21,1426550400000,25.249000000000002,25.249000000000002,25.249000000000002,25.249000000000002
22,1426636800000,25.1412,25.1412,25.1412,25.1412
23,1426723200000,27.2979,27.2979,27.2979,27.2979
24,1426809600000,26.4662,26.4662,26.4662,26.4662
25,1427068800000,28.7566,28.7566,28.7566,28.7566
26,1427155200000,30.6705,30.6705,30.6705,30.6705
27,1427241600000,30.1591,30.1591,30.1591,30.1591
28,1427328000000,29.0645,29.0645,29.0645,29.0645
29,1427414400000,29.2751,29.2751,29.2751,29.2751
30,1427673600000,27.8729,27.8729,27.8729,27.8729
31,1427760000000,30.089000000000002,30.089000000000002,30.089000000000002,30.089000000000002
32,1427846400000,30.3633,30.3633,30.3633,30.3633
33,1427932800000,31.7668,31.7668,31.7668,31.7668
34,1428019200000,31.1696,31.1696,31.1696,31.1696
35,1428364800000,29.509,29.509,29.509,29.509
36,1428451200000,31.9784,31.9784,31.9784,31.9784
37,1428537600000,35.0614,35.0614,35.0614,35.0614
38,1428624000000,33.4114,33.4114,33.4114,33.4114
39,1428883200000,36.8629,36.8629,36.8629,36.8629
40,1428969600000,40.1463,40.1463,40.1463,40.1463
41,1429056000000,40.1346,40.1346,40.1346,40.1346
42,1429142400000,37.3613,37.3613,37.3613,37.3613
43,1429228800000,41.5703,41.5703,41.5703,41.5703
44,1429488000000,47.7518,47.7518,47.7518,47.7518
45,1429574400000,46.9036,46.9036,46.9036,46.9036
46,1429660800000,44.2823,44.2823,44.2823,44.2823
47,1429747200000,44.7196,44.7196,44.7196,44.7196
48,1429833600000,45.6458,45.6458,45.6458,45.6458
49,1430092800000,44.883,44.883,44.883,44.883
50,1430179200000,46.5887,46.5887,46.5887,46.5887
51,1430265600000,46.6082,46.6082,46.6082,46.6082
52,1430352000000,46.5508,46.5508,46.5508,46.5508
53,1430697600000,46.1333,46.1333,46.1333,46.1333
54,1430784000000,45.4555,45.4555,45.4555,45.4555
55,1430870400000,45.5531,45.5531,45.5531,45.5531
56,1430956800000,46.7844,46.7844,46.7844,46.7844
57,1431043200000,44.9657,44.9657,44.9657,44.9657
58,1431302400000,45.7832,45.7832,45.7832,45.7832
59,1431388800000,45.9665,45.9665,45.9665,45.9665
60,1431475200000,46.0297,46.0297,46.0297,46.0297
61,1431561600000,44.9597,44.9597,44.9597,44.9597
62,1431648000000,41.4432,41.4432,41.4432,41.4432
63,1431907200000,37.4794,37.4794,37.4794,37.4794
64,1431993600000,37.2792,37.2792,37.2792,37.2792
65,1432080000000,41.5153,41.5153,41.5153,41.5153
66,1432166400000,42.0539,42.0539,42.0539,42.0539
67,1432252800000,43.0132,43.0132,43.0132,43.0132
68,1432512000000,45.8029,45.8029,45.8029,45.8029
69,1432598400000,45.8141,45.8141,45.8141,45.8141
70,1432684800000,46.9093,46.9093,46.9093,46.9093
71,1432771200000,46.6321,46.6321,46.6321,46.6321
72,1432857600000,47.2911,47.2911,47.2911,47.2911
73,1433116800000,47.2164,47.2164,47.2164,47.2164
74,1433203200000,47.6105,47.6105,47.6105,47.6105
75,1433289600000,47.8958,47.8958,47.8958,47.8958
76,1433376000000,46.5651,46.5651,46.5651,46.5651
77,1433462400000,46.5987,46.5987,46.5987,46.5987
78,1433721600000,43.6599,43.6599,43.6599,43.6599
79,1433808000000,47.5486,47.5486,47.5486,47.5486
80,1433894400000,48.0675,48.0675,48.0675,48.0675
81,1433980800000,49.7448,49.7448,49.7448,49.7448
82,1434067200000,49.7596,49.7596,49.7596,49.7596
83,1434326400000,48.0577,48.0577,48.0577,48.0577
84,1434412800000,47.273,47.273,47.273,47.273
85,1434499200000,47.3137,47.3137,47.3137,47.3137
86,1434585600000,47.0826,47.0826,47.0826,47.0826
87,1434672000000,46.9001,46.9001,46.9001,46.9001
88,1435017600000,51.1692,51.1692,51.1692,51.1692
89,1435104000000,52.0489,52.0489,52.0489,52.0489
90,1435190400000,47.4239,47.4239,47.4239,47.4239
91,1435276800000,48.0836,48.0836,48.0836,48.0836
92,1435536000000,60.0891,60.0891,60.0891,60.0891
93,1435622400000,59.2061,59.2061,59.2061,59.2061
94,1435708800000,55.9109,55.9109,55.9109,55.9109
95,1435795200000,57.5449,57.5449,57.5449,57.5449
96,1435881600000,55.1503,55.1503,55.1503,55.1503
97,1436140800000,60.0779,60.0779,60.0779,60.0779
98,1436227200000,54.8365,54.8365,54.8365,54.8365
99,1436313600000,51.7027,51.7027,51.7027,51.7027
100,1436400000000,55.3411,55.3411,55.3411,55.3411
101,1436486400000,54.0227,54.0227,54.0227,54.0227
102,1436745600000,52.9624,52.9624,52.9624,52.9624
103,1436832000000,49.3106,49.3106,49.3106,49.3106
104,1436918400000,45.0561,45.0561,45.0561,45.0561
105,1437004800000,41.6284,41.6284,41.6284,41.6284
106,1437091200000,39.3268,39.3268,39.3268,39.3268
107,1437350400000,38.7251,38.7251,38.7251,38.7251
108,1437436800000,38.7903,38.7903,38.7903,38.7903
109,1437523200000,35.2575,35.2575,35.2575,35.2575
110,1437609600000,32.984,32.984,32.984,32.984
111,1437696000000,33.0885,33.0885,33.0885,33.0885
112,1437955200000,30.4088,30.4088,30.4088,30.4088
113,1438041600000,39.518,39.518,39.518,39.518
114,1438128000000,41.7908,41.7908,41.7908,41.7908
115,1438214400000,37.4274,37.4274,37.4274,37.4274
116,1438300800000,40.1739,40.1739,40.1739,40.1739
117,1438560000000,40.4451,40.4451,40.4451,40.4451
118,1438646400000,40.0245,40.0245,40.0245,40.0245
119,1438732800000,40.2605,40.2605,40.2605,40.2605
120,1438819200000,41.5067,41.5067,41.5067,41.5067
121,1438905600000,40.7918,40.7918,40.7918,40.7918
122,1439164800000,40.7498,40.7498,40.7498,40.7498
123,1439251200000,40.1818,40.1818,40.1818,40.1818
124,1439337600000,39.8311,39.8311,39.8311,39.8311
125,1439424000000,39.6113,39.6113,39.6113,39.6113
126,1439510400000,39.6506,39.6506,39.6506,39.6506
127,1439769600000,40.0616,40.0616,40.0616,40.0616
128,1439856000000,39.0725,39.0725,39.0725,39.0725
129,1439942400000,37.4212,37.4212,37.4212,37.4212
130,1440028800000,38.0322,38.0322,38.0322,38.0322
131,1440115200000,35.2022,35.2022,35.2022,35.2022
132,1440374400000,35.6079,35.6079,35.6079,35.6079
133,1440460800000,48.3377,48.3377,48.3377,48.3377
134,1440547200000,63.7886,63.7886,63.7886,63.7886
135,1440633600000,61.1441,61.1441,61.1441,61.1441
136,1440720000000,61.1636,61.1636,61.1636,61.1636
137,1440979200000,62.2757,62.2757,62.2757,62.2757
138,1441065600000,63.3325,63.3325,63.3325,63.3325
139,1441152000000,60.8786,60.8786,60.8786,60.8786
140,1441584000000,59.4933,59.4933,59.4933,59.4933
141,1441670400000,47.9826,47.9826,47.9826,47.9826
142,1441756800000,45.6272,45.6272,45.6272,45.6272
143,1441843200000,41.7812,41.7812,41.7812,41.7812
144,1441929600000,40.8639,40.8639,40.8639,40.8639
145,1442188800000,42.346000000000004,42.346000000000004,42.346000000000004,42.346000000000004
146,1442275200000,44.6282,44.6282,44.6282,44.6282
147,1442361600000,41.3402,41.3402,41.3402,41.3402
148,1442448000000,41.0635,41.0635,41.0635,41.0635
149,1442534400000,40.1929,40.1929,40.1929,40.1929
150,1442793600000,39.8087,39.8087,39.8087,39.8087
151,1442880000000,37.1681,37.1681,37.1681,37.1681
152,1442966400000,38.9306,38.9306,38.9306,38.9306
153,1443052800000,37.6316,37.6316,37.6316,37.6316
154,1443139200000,34.9099,34.9099,34.9099,34.9099
155,1443398400000,31.9261,31.9261,31.9261,31.9261
156,1443484800000,31.0967,31.0967,31.0967,31.0967
157,1443571200000,30.654,30.654,30.654,30.654
158,1444262400000,31.704,31.704,31.704,31.704
159,1444348800000,30.0705,30.0705,30.0705,30.0705
160,1444608000000,30.0717,30.0717,30.0717,30.0717
161,1444694400000,31.9466,31.9466,31.9466,31.9466
162,1444780800000,31.7062,31.7062,31.7062,31.7062
163,1444867200000,29.6642,29.6642,29.6642,29.6642
164,1444953600000,29.264,29.264,29.264,29.264
165,1445212800000,30.3393,30.3393,30.3393,30.3393
166,1445299200000,30.9892,30.9892,30.9892,30.9892
167,1445385600000,32.7614,32.7614,32.7614,32.7614
168,1445472000000,31.7985,31.7985,31.7985,31.7985
169,1445558400000,30.6435,30.6435,30.6435,30.6435
170,1445817600000,32.3929,32.3929,32.3929,32.3929
171,1445904000000,30.8603,30.8603,30.8603,30.8603
172,1445990400000,31.724,31.724,31.724,31.724
173,1446076800000,31.7585,31.7585,31.7585,31.7585
174,1446163200000,28.9647,28.9647,28.9647,28.9647
175,1446422400000,29.8393,29.8393,29.8393,29.8393
176,1446508800000,30.0101,30.0101,30.0101,30.0101
177,1446595200000,30.249000000000002,30.249000000000002,30.249000000000002,30.249000000000002
178,1446681600000,32.1612,32.1612,32.1612,32.1612
179,1446768000000,32.4463,32.4463,32.4463,32.4463
180,1447027200000,41.9332,41.9332,41.9332,41.9332
181,1447113600000,43.0988,43.0988,43.0988,43.0988
182,1447200000000,39.618,39.618,39.618,39.618
183,1447286400000,38.7038,38.7038,38.7038,38.7038
184,1447372800000,37.738,37.738,37.738,37.738
185,1447632000000,38.3731,38.3731,38.3731,38.3731
186,1447718400000,37.7239,37.7239,37.7239,37.7239
187,1447804800000,37.0288,37.0288,37.0288,37.0288
188,1447891200000,35.9863,35.9863,35.9863,35.9863
189,1447977600000,34.0408,34.0408,34.0408,34.0408
190,1448236800000,33.2238,33.2238,33.2238,33.2238
191,1448323200000,31.8275,31.8275,31.8275,31.8275
192,1448409600000,32.2776,32.2776,32.2776,32.2776
193,1448496000000,29.695,29.695,29.695,29.695
194,1448582400000,34.5815,34.5815,34.5815,34.5815
195,1448841600000,34.5255,34.5255,34.5255,34.5255
196,1448928000000,33.7301,33.7301,33.7301,33.7301
197,1449014400000,32.4515,32.4515,32.4515,32.4515
198,1449100800000,32.5298,32.5298,32.5298,32.5298
199,1449187200000,32.4942,32.4942,32.4942,32.4942
200,1449446400000,31.6027,31.6027,31.6027,31.6027
201,1449532800000,31.4566,31.4566,31.4566,31.4566
202,1449619200000,31.1209,31.1209,31.1209,31.1209
203,1449705600000,30.8645,30.8645,30.8645,30.8645
204,1449792000000,30.765,30.765,30.765,30.765
205,1450051200000,31.0886,31.0886,31.0886,31.0886
206,1450137600000,30.4661,30.4661,30.4661,30.4661
207,1450224000000,30.2768,30.2768,30.2768,30.2768
208,1450310400000,29.274,29.274,29.274,29.274
209,1450396800000,26.0774,26.0774,26.0774,26.0774
210,1450656000000,26.6077,26.6077,26.6077,26.6077
211,1450742400000,27.6896,27.6896,27.6896,27.6896
212,1450828800000,28.0433,28.0433,28.0433,28.0433
213,1450915200000,27.1862,27.1862,27.1862,27.1862
214,1451001600000,26.2795,26.2795,26.2795,26.2795
215,1451260800000,28.1345,28.1345,28.1345,28.1345
216,1451347200000,27.2792,27.2792,27.2792,27.2792
217,1451433600000,27.4574,27.4574,27.4574,27.4574
218,1451520000000,27.9499,27.9499,27.9499,27.9499
219,1451865600000,33.4391,33.4391,33.4391,33.4391
220,1451952000000,32.1793,32.1793,32.1793,32.1793
221,1452038400000,31.5087,31.5087,31.5087,31.5087
222,1452124800000,23.3302,23.3302,23.3302,23.3302
223,1452211200000,35.2173,35.2173,35.2173,35.2173
224,1452470400000,33.8108,33.8108,33.8108,33.8108
225,1452556800000,35.9145,35.9145,35.9145,35.9145
226,1452643200000,34.7175,34.7175,34.7175,34.7175
227,1452729600000,37.8001,37.8001,37.8001,37.8001
228,1452816000000,35.4913,35.4913,35.4913,35.4913
229,1453075200000,37.241,37.241,37.241,37.241
230,1453161600000,37.3542,37.3542,37.3542,37.3542
231,1453248000000,36.8065,36.8065,36.8065,36.8065
232,1453334400000,35.1243,35.1243,35.1243,35.1243
233,1453420800000,34.8739,34.8739,34.8739,34.8739
234,1453680000000,34.743,34.743,34.743,34.743
235,1453766400000,32.0158,32.0158,32.0158,32.0158
236,1453852800000,38.4646,38.4646,38.4646,38.4646
237,1453939200000,37.6672,37.6672,37.6672,37.6672
238,1454025600000,38.9525,38.9525,38.9525,38.9525
239,1454284800000,36.3725,36.3725,36.3725,36.3725
240,1454371200000,35.1385,35.1385,35.1385,35.1385
241,1454457600000,34.7962,34.7962,34.7962,34.7962
242,1454544000000,34.5206,34.5206,34.5206,34.5206
243,1454630400000,35.3771,35.3771,35.3771,35.3771
244,1455494400000,37.3898,37.3898,37.3898,37.3898
245,1455580800000,36.648,36.648,36.648,36.648
246,1455667200000,35.5034,35.5034,35.5034,35.5034
247,1455753600000,33.7867,33.7867,33.7867,33.7867
248,1455840000000,32.2169,32.2169,32.2169,32.2169
249,1456099200000,31.4423,31.4423,31.4423,31.4423
250,1456185600000,32.3801,32.3801,32.3801,32.3801
251,1456272000000,32.483000000000004,32.483000000000004,32.483000000000004,32.483000000000004
252,1456358400000,33.8487,33.8487,33.8487,33.8487
253,1456444800000,32.5314,32.5314,32.5314,32.5314
254,1456704000000,32.6322,32.6322,32.6322,32.6322
255,1456790400000,31.5121,31.5121,31.5121,31.5121
256,1456876800000,33.1463,33.1463,33.1463,33.1463
257,1456963200000,33.118,33.118,33.118,33.118
258,1457049600000,33.0071,33.0071,33.0071,33.0071
259,1457308800000,33.8201,33.8201,33.8201,33.8201
260,1457395200000,33.4159,33.4159,33.4159,33.4159
261,1457481600000,33.4663,33.4663,33.4663,33.4663
262,1457568000000,33.6364,33.6364,33.6364,33.6364
263,1457654400000,33.635999999999996,33.635999999999996,33.635999999999996,33.635999999999996
264,1457913600000,33.2841,33.2841,33.2841,33.2841
265,1458000000000,32.6382,32.6382,32.6382,32.6382
266,1458086400000,31.8899,31.8899,31.8899,31.8899
267,1458172800000,31.2471,31.2471,31.2471,31.2471
268,1458259200000,31.1629,31.1629,31.1629,31.1629
269,1458518400000,31.5606,31.5606,31.5606,31.5606
270,1458604800000,33.1125,33.1125,33.1125,33.1125
271,1458691200000,34.0404,34.0404,34.0404,34.0404
272,1458777600000,32.9049,32.9049,32.9049,32.9049
273,1458864000000,30.9842,30.9842,30.9842,30.9842
274,1459123200000,31.0957,31.0957,31.0957,31.0957
275,1459209600000,31.2112,31.2112,31.2112,31.2112
276,1459296000000,30.8728,30.8728,30.8728,30.8728
277,1459382400000,30.9589,30.9589,30.9589,30.9589
278,1459468800000,30.4957,30.4957,30.4957,30.4957
279,1459814400000,30.1875,30.1875,30.1875,30.1875
280,1459900800000,29.9619,29.9619,29.9619,29.9619
281,1459987200000,28.8004,28.8004,28.8004,28.8004
282,1460073600000,27.6604,27.6604,27.6604,27.6604
283,1460332800000,27.6271,27.6271,27.6271,27.6271
284,1460419200000,26.6528,26.6528,26.6528,26.6528
285,1460505600000,26.4958,26.4958,26.4958,26.4958
286,1460592000000,26.0574,26.0574,26.0574,26.0574
287,1460678400000,26.0488,26.0488,26.0488,26.0488
288,1460937600000,26.194000000000003,26.194000000000003,26.194000000000003,26.194000000000003
289,1461024000000,25.4861,25.4861,25.4861,25.4861
290,1461110400000,25.618000000000002,25.618000000000002,25.618000000000002,25.618000000000002
291,1461196800000,25.053,25.053,25.053,25.053
292,1461283200000,24.5153,24.5153,24.5153,24.5153
293,1461542400000,25.1649,25.1649,25.1649,25.1649
294,1461628800000,25.5286,25.5286,25.5286,25.5286
295,1461715200000,25.4694,25.4694,25.4694,25.4694
296,1461801600000,24.4013,24.4013,24.4013,24.4013
297,1461888000000,23.5798,23.5798,23.5798,23.5798
298,1462233600000,23.4131,23.4131,23.4131,23.4131
299,1462320000000,22.864,22.864,22.864,22.864
300,1462406400000,22.5297,22.5297,22.5297,22.5297
301,1462492800000,23.4901,23.4901,23.4901,23.4901
302,1462752000000,26.1118,26.1118,26.1118,26.1118
303,1462838400000,24.8869,24.8869,24.8869,24.8869
304,1462924800000,23.4724,23.4724,23.4724,23.4724
305,1463011200000,23.4546,23.4546,23.4546,23.4546
306,1463097600000,22.7878,22.7878,22.7878,22.7878
307,1463356800000,22.4988,22.4988,22.4988,22.4988
308,1463443200000,22.026,22.026,22.026,22.026
309,1463529600000,22.1293,22.1293,22.1293,22.1293
310,1463616000000,21.4203,21.4203,21.4203,21.4203
311,1463702400000,20.5421,20.5421,20.5421,20.5421
312,1463961600000,19.8213,19.8213,19.8213,19.8213
313,1464048000000,19.6363,19.6363,19.6363,19.6363
314,1464134400000,20.2828,20.2828,20.2828,20.2828
315,1464220800000,18.8977,18.8977,18.8977,18.8977
316,1464307200000,18.3706,18.3706,18.3706,18.3706
317,1464566400000,18.5749,18.5749,18.5749,18.5749
318,1464652800000,21.5131,21.5131,21.5131,21.5131
319,1464739200000,20.8555,20.8555,20.8555,20.8555
320,1464825600000,20.6862,20.6862,20.6862,20.6862
321,1464912000000,20.7885,20.7885,20.7885,20.7885
322,1465171200000,20.8756,20.8756,20.8756,20.8756
323,1465257600000,20.6707,20.6707,20.6707,20.6707
324,1465344000000,21.0099,21.0099,21.0099,21.0099
325,1465776000000,22.483,23.0635,22.2546,23.0635
326,1465862400000,22.6655,22.6663,21.3992,21.879
327,1465948800000,22.1608,22.3196,19.6253,19.702
328,1466035200000,19.7734,19.8222,18.7644,19.3382
329,1466121600000,19.1822,19.2218,18.4731,18.492
330,1466380800000,19.1989,19.7252,19.1122,19.3271
331,1466467200000,19.485,19.8089,19.1786,19.2386
332,1466553600000,19.5204,19.8535,19.2077,19.8438
333,1466640000000,19.8251,20.3566,19.8251,20.343
334,1466726400000,20.6858,22.6863,20.5952,20.7115
335,1466985600000,21.6903,21.6908,20.3855,20.4254
336,1467072000000,20.8597,20.8603,19.5896,19.6695
337,1467158400000,19.7401,19.807000000000002,19.0413,19.2344
338,1467244800000,19.2057,19.267,18.4369,18.578
339,1467331200000,18.7877,18.7885,18.2145,18.2145
340,1467590400000,19.0418,19.0778,18.2373,18.2731
341,1467676800000,18.7268,18.8415,18.5516,18.6359
342,1467763200000,18.9505,18.9934,18.5925,18.6521
343,1467849600000,18.7744,19.3006,18.7744,19.3006
344,1467936000000,19.4357,19.5804,19.2657,19.2953
345,1468195200000,19.8483,19.8757,18.9468,18.9971
346,1468281600000,19.1539,19.1826,18.4164,18.9053
347,1468368000000,19.4364,19.9133,19.4048,19.6865
348,1468454400000,19.867,20.0541,19.4388,19.4933
349,1468540800000,19.6429,19.7854,19.3989,19.5505
350,1468800000000,20.4089,20.4679,20.1484,20.314
351,1468886400000,20.4348,20.5386,20.1698,20.4041
352,1468972800000,20.3833,20.4967,20.0188,20.2225
353,1469059200000,20.3651,20.7635,20.1481,20.2729
354,1469145600000,20.4161,20.449,19.9469,20.0042
355,1469404800000,20.8557,20.9325,19.8111,19.8713
356,1469491200000,20.1461,20.1954,19.4188,19.4558
357,1469577600000,19.6483,21.2886,19.4517,20.3223
358,1469664000000,20.0605,20.3275,18.8844,18.8861
359,1469750400000,19.1447,19.1456,18.6646,18.7509
360,1470009600000,19.5433,19.544,18.7522,18.762999999999998
361,1470096000000,18.8988,19.0142,18.250999999999998,18.2883
362,1470182400000,18.5806,18.5813,17.7951,17.8353
363,1470268800000,18.0081,18.0088,17.4533,17.4533
364,1470355200000,17.7227,17.7234,17.055999999999997,17.1125
365,1470614400000,17.8156,18.0842,16.9907,17.0112
366,1470700800000,17.1846,17.1853,16.5127,16.6417
367,1470787200000,16.7966,16.9018,16.6514,16.6516
368,1470873600000,16.8536,17.2589,16.6457,16.801
369,1470960000000,16.9161,17.734,16.7904,17.691
370,1471219200000,17.5492,20.5032,17.4499,20.1911
371,1471305600000,21.4548,21.5647,19.2938,19.3581
372,1471392000000,19.6298,19.7996,19.2108,19.3437
373,1471478400000,19.5123,19.9469,19.3698,19.4756
374,1471564800000,19.3697,20.5731,19.3086,19.4476
375,1471824000000,20.0722,20.4842,19.6695,19.7288
376,1471910400000,19.7954,20.0182,19.3122,19.4184
377,1471996800000,19.7423,19.7431,19.3069,19.4684
378,1472083200000,19.7843,20.2135,19.7006,19.7053
379,1472169600000,20.0309,20.0317,19.4273,19.5985
380,1472428800000,20.3903,20.4163,20.1057,20.1185
381,1472515200000,20.1541,20.3563,19.9257,20.1023
382,1472601600000,20.4967,20.4971,20.1588,20.4689
383,1472688000000,20.6384,20.7969,20.4754,20.5272
384,1472774400000,20.5303,20.5309,20.2396,20.3806
385,1473033600000,21.0474,21.048000000000002,20.3328,20.3414
386,1473120000000,20.4491,20.4496,20.1007,20.1442
387,1473206400000,20.3243,20.4144,20.0313,20.1223
388,1473292800000,20.1709,20.1715,19.6545,19.6593
389,1473379200000,19.8279,19.8286,18.558,18.5998
390,1473638400000,19.8408,20.0537,19.3068,19.3116
391,1473724800000,19.0013,19.002,17.3234,17.548
392,1473811200000,17.5909,17.8152,17.5534,17.6299
393,1474243200000,18.602999999999998,18.6036,17.4274,17.4464
394,1474329600000,17.6369,17.6944,17.000999999999998,17.0596
395,1474416000000,17.2176,17.3508,16.9555,17.3491
396,1474502400000,17.4262,17.5161,16.2639,16.2644
397,1474588800000,16.1651,16.4295,15.8048,15.8062
398,1474848000000,16.4699,16.5993,16.0181,16.3029
399,1474934400000,16.8776,17.0138,16.3417,16.4956
400,1475020800000,16.5992,16.6827,16.4512,16.5863
401,1475107200000,16.4998,16.5004,15.4236,15.4359
402,1475193600000,15.5006,16.3268,15.489,16.314
403,1476057600000,18.2939,18.2945,16.7497,16.7826
404,1476144000000,16.9246,16.9331,16.0984,16.1265
405,1476230400000,16.3064,16.307000000000002,16.0581,16.0834
406,1476316800000,16.3064,16.3071,15.7744,15.7849
407,1476403200000,15.9383,15.9732,15.2128,15.2128
408,1476662400000,15.7636,15.8598,14.8248,14.8807
409,1476748800000,15.0068,15.2462,14.468,15.2401
410,1476835200000,15.5546,15.7279,15.4424,15.6402
411,1476921600000,15.6988,15.6994,15.1858,15.1858
412,1477008000000,15.2076,15.3884,14.9348,14.9743
413,1477267200000,15.7053,16.9364,15.5293,15.9077
414,1477353600000,16.1221,16.4766,15.9246,16.141
415,1477440000000,16.2707,16.7445,16.2707,16.3676
416,1477526400000,16.5805,16.5812,15.7526,15.974
417,1477612800000,16.1493,16.7483,16.0355,16.111
418,1477872000000,16.6682,16.7807,16.0989,16.1138
419,1477958400000,16.3114,16.4352,16.0852,16.3494
420,1478044800000,16.7656,16.7785,16.3837,16.6846
421,1478131200000,16.7738,18.2757,16.7738,17.7364
422,1478217600000,18.0156,18.3415,17.8422,17.8593
423,1478476800000,18.4274,19.3414,18.3631,19.0097
424,1478563200000,19.2742,19.3792,18.5679,18.5906
425,1478649600000,18.7117,19.7337,18.2258,18.3662
426,1478736000000,18.4155,18.4561,16.9316,17.0305
427,1478822400000,16.7245,16.9355,16.1937,16.265
428,1479081600000,16.7573,17.3825,16.7497,17.0003
429,1479168000000,17.1633,17.2744,16.893,16.9205
430,1479254400000,17.1433,17.1526,16.587,16.5954
431,1479340800000,16.688,16.7824,16.2343,16.2409
432,1479427200000,16.2506,16.2512,14.254000000000001,15.8746
433,1479686400000,16.3066,16.3484,15.6113,15.6527
434,1479772800000,15.9009,16.2217,15.6532,16.1402
435,1479859200000,16.445,16.8722,16.2755,16.3503
436,1479945600000,16.3363,16.5996,16.0284,16.1278
437,1480032000000,16.6132,16.6838,15.9231,16.027
438,1480291200000,14.6334,16.0104,14.1557,15.6215
439,1480377600000,15.5099,16.2645,13.7171,14.8641
440,1480464000000,16.5656,17.8367,16.3473,16.39
441,1480550400000,16.3862,17.0121,15.7667,15.8339
442,1480636800000,16.0139,16.2165,15.8606,16.2158
443,1480896000000,17.3382,17.3385,16.2377,16.3239
444,1480982400000,16.4542,16.637,15.6154,15.6687
445,1481068800000,15.8152,16.278,15.1474,15.1474
446,1481155200000,15.2788,15.4474,14.0847,14.1541
447,1481241600000,14.3194,15.137,13.6727,14.5525
448,1481500800000,15.0993,15.6507,14.0198,15.4366
449,1481587200000,15.6174,16.0981,15.3751,15.4348
450,1481673600000,15.5391,15.8616,15.3315,15.8476
451,1481760000000,16.0663,17.2399,14.8568,17.1673
452,1481846400000,17.9646,18.3784,16.4387,16.4831
453,1482105600000,17.3899,17.6032,16.6838,16.9669
454,1482192000000,17.2448,18.4405,16.8512,18.4206
455,1482278400000,18.5535,18.644000000000002,17.0799,17.3762
456,1482364800000,17.5344,18.0217,17.2924,17.6567
457,1482451200000,17.7926,17.8958,17.4286,17.5146
458,1482710400000,18.3044,19.1492,17.5794,17.6348
459,1482796800000,17.8577,18.4581,17.7232,18.4145
460,1482883200000,18.5361,18.7352,18.2593,18.2837
461,1482969600000,18.1779,18.1825,17.3141,17.3442
462,1483056000000,17.4812,17.5524,17.0999,17.2165
463,1483401600000,17.8,17.9963,15.6901,15.8554
464,1483488000000,15.9419,16.0498,14.7238,14.7427
465,1483574400000,15.1977,15.1984,14.5021,14.7299
466,1483660800000,14.8581,14.8584,14.2517,14.4866
467,1483920000000,14.9723,14.9902,14.1084,14.1227
468,1484006400000,14.2994,14.3259,13.6847,13.8339
469,1484092800000,14.0377,14.038,13.6013,13.7803
470,1484179200000,14.1061,14.1865,13.7574,13.7944
471,1484265600000,13.9438,13.9719,13.1148,13.2886
472,1484524800000,13.8223,14.0383,12.8019,13.3441
473,1484611200000,13.5402,13.5405,12.283,12.3195
474,1484697600000,12.4346,12.5469,12.0582,12.0667
475,1484784000000,12.5827,12.5934,12.077,12.082
476,1484870400000,12.2571,12.2574,11.6356,11.7042
477,1485129600000,12.1578,12.1581,11.6318,11.6617
478,1485216000000,11.9549,12.0978,11.5066,11.6302
479,1485302400000,11.8176,12.0373,11.4144,11.4316
480,1485388800000,11.5764,12.1158,10.937999999999999,11.3168
481,1486080000000,12.9056,13.2329,12.0981,12.4306
482,1486339200000,13.0108,13.5553,11.9064,12.5106
483,1486425600000,12.6989,12.6992,11.8757,11.9209
484,1486512000000,12.0853,12.7835,11.3837,12.776
485,1486598400000,12.9056,17.7238,12.2607,12.6272
486,1486684800000,12.7765,12.7788,12.4348,12.4393
487,1486944000000,12.9563,12.9566,12.0384,12.0384
488,1487030400000,12.2147,15.3978,11.287,11.365
489,1487116800000,11.4395,11.5222,10.915999999999999,11.0995
490,1487203200000,11.2012,11.3296,10.9367,11.1853
491,1487289600000,11.2843,15.2605,11.0419,11.6398
492,1487548800000,12.0943,12.1646,11.71,12.0542
493,1487635200000,12.1891,13.5825,12.1397,12.2948
494,1487721600000,12.3588,12.4836,11.8697,11.8697
495,1487808000000,11.8526,15.6705,11.0501,11.0627
496,1487894400000,11.126,11.4093,10.9602,11.2442
497,1488153600000,11.6,12.1409,11.5463,12.0966
498,1488240000000,12.1769,12.1771,11.7501,11.9405
499,1488326400000,12.1082,12.1084,11.5946,11.7225
500,1488412800000,11.8228,12.2538,11.6233,12.030999999999999
501,1488499200000,12.2398,12.3699,11.3265,11.3371
502,1488758400000,11.947000000000001,12.3508,11.0501,11.7881
503,1488844800000,11.2815,11.9085,10.8734,11.6027
504,1488931200000,11.6964,11.8482,10.7964,10.8188
505,1489017600000,10.8713,11.1016,10.3112,10.5697
506,1489104000000,10.7252,10.7935,10.2754,10.2901
507,1489363200000,10.7759,11.0122,10.3314,10.6323
508,1489449600000,10.6871,11.3776,10.3659,10.7819
509,1489536000000,10.8718,11.4996,10.4108,11.4936
510,1489622400000,10.8807,11.1886,10.3146,10.3438
511,1489708800000,10.4783,10.6203,9.9552,10.1195
512,1489968000000,10.5381,10.9495,10.0866,10.104
513,1490054400000,10.3308,10.413,9.9107,10.1076
514,1490140800000,10.3161,10.6575,10.0647,10.1029
515,1490227200000,10.1334,10.1684,9.187999999999999,9.4478
516,1490313600000,9.6041,9.6773,9.1563,9.4304
517,1490572800000,9.9404,10.4061,9.786,10.2545
518,1490659200000,10.3476,10.5273,10.0963,10.3483
519,1490745600000,10.3921,10.4497,9.8585,10.0366
520,1490832000000,10.1553,10.511,9.9229,9.9309
521,1490918400000,10.0012,10.1862,9.6479,9.6519
522,1491350400000,10.6199,10.6201,10.0703,10.0703
523,1491436800000,10.3439,10.4811,10.0612,10.0879
524,1491523200000,10.1908,10.191,9.9377,10.0523
525,1491782400000,10.5273,10.5275,10.0769,10.1217
526,1491868800000,10.1542,10.3873,9.9016,9.9779
527,1491955200000,10.1327,10.2208,9.9732,9.974
528,1492041600000,10.117,10.2973,9.9807,9.9859
529,1492128000000,10.0805,10.6435,10.0661,10.4188
530,1492387200000,10.7753,11.4167,10.2075,10.2486
531,1492473600000,10.3638,10.4687,10.2158,10.312000000000001
532,1492560000000,10.3705,11.2777,10.33,10.6693
533,1492646400000,10.7732,10.8284,10.1632,10.1881
534,1492732800000,10.3676,10.3678,9.5726,9.7151
535,1492992000000,9.9853,12.5341,9.9853,10.0734
536,1493078400000,10.4004,10.4006,9.6355,9.6679
537,1493164800000,9.8561,10.4859,9.1179,9.2913
538,1493251200000,9.4293,9.6652,9.0633,9.0982
539,1493337600000,9.0989,9.3626,9.056000000000001,9.1259
540,1493683200000,9.4789,9.5823,9.0291,9.0908
541,1493769600000,9.0603,9.2676,8.9933,9.0614
542,1493856000000,9.1735,9.4252,8.8926,8.9974
543,1493942400000,9.0989,10.1671,9.0383,9.2887
544,1494201600000,9.6259,9.8559,9.222999999999999,9.2524
545,1494288000000,9.4269,9.427,8.8339,8.8356
546,1494374400000,8.9789,9.5821,8.2797,8.3752
547,1494460800000,8.5436,8.844,8.3055,8.3062
548,1494547200000,8.3965,9.0335,7.9544,8.7508
549,1494806400000,9.1721,9.1862,8.8592,8.8653
550,1494892800000,8.9575,9.0843,8.6674,8.6713
551,1494979200000,8.8041,8.9153,8.5574,8.5592
552,1495065600000,8.6174,8.7866,8.3005,8.486
553,1495152000000,8.544,8.7565,8.4232,8.6439
554,1495411200000,8.9412,9.0798,8.3546,8.4707
555,1495497600000,8.4863,8.7363,8.1824,8.5879
556,1495584000000,8.642000000000001,9.5871,8.5936,8.7018
557,1495670400000,8.8005,13.0131,8.5576,12.3467
558,1495756800000,12.4674,13.4016,10.8021,10.8754
559,1496188800000,12.2537,13.1745,11.595999999999998,12.0327
560,1496275200000,12.5711,12.8903,12.095,12.1212
561,1496361600000,12.886,13.4362,12.7458,12.9022
562,1496620800000,13.4592,13.4594,12.3717,12.4569
563,1496707200000,12.5563,12.8867,12.2556,12.4844
564,1496793600000,12.7274,13.952,12.5687,13.8251
565,1496880000000,13.940999999999999,14.3808,13.8061,14.2278
566,1496966400000,14.3855,15.5669,14.3518,15.0922
567,1497225600000,15.5822,16.3258,15.2388,15.4469
568,1497312000000,15.6048,15.7607,15.0869,15.0869
569,1497398400000,15.3311,15.4407,14.2408,14.4919
570,1497484800000,14.7006,14.7394,13.7625,13.8954
571,1497571200000,13.9953,14.0916,13.2605,13.2809
572,1497830400000,13.8028,13.8617,13.252,13.6909
573,1497916800000,13.8976,14.2807,13.8278,13.9881
574,1498003200000,14.2071,14.478,13.305,13.3657
575,1498089600000,13.3677,14.8001,13.0705,13.6138
576,1498176000000,13.7797,14.04,13.3481,13.9033
577,1498435200000,15.0562,15.7156,15.0479,15.3767
578,1498521600000,15.6374,15.6525,14.7943,14.8559
579,1498608000000,15.1019,15.2609,14.9114,15.0408
580,1498694400000,14.9423,15.1563,14.4669,14.4679
581,1498780800000,14.6486,14.8415,14.3387,14.4046
582,1499040000000,14.8631,14.9046,14.0519,14.0748
583,1499126400000,14.2029,14.2449,13.2948,13.2969
584,1499212800000,13.466,14.2956,13.3156,14.2224
585,1499299200000,14.3739,14.5075,13.6782,13.8219
586,1499385600000,13.9191,14.1079,13.850999999999999,13.8786
587,1499644800000,14.3484,14.4013,13.8643,13.8971
588,1499731200000,14.4853,14.5866,13.6803,13.7269
589,1499817600000,13.8351,14.8629,13.8059,14.7766
590,1499904000000,14.9499,15.085,14.6267,14.7823
591,1499990400000,15.9741,16.2437,15.6186,15.7619
592,1500249600000,16.6717,17.8821,16.1188,17.3459
593,1500336000000,17.5947,18.0858,16.9139,16.9209
594,1500422400000,17.1841,17.4476,16.2996,16.9889
595,1500508800000,17.2473,20.305999999999997,17.1363,17.2003
596,1500595200000,17.3823,17.7589,16.0757,16.1539
597,1500854400000,16.8982,16.8985,15.5722,15.7097
598,1500940800000,16.0153,16.3859,15.359000000000002,15.3821
599,1501027200000,15.5696,15.9636,15.3602,15.933
600,1501113600000,16.0847,16.5119,15.8633,15.8786
601,1501200000000,16.0234,16.3098,15.5202,15.5693
602,1501459200000,16.1894,16.259,15.6288,15.7472
603,1501545600000,15.8535,15.9293,15.0451,15.062999999999999
604,1501632000000,15.2767,15.8621,14.7627,14.8226
605,1501718400000,15.6418,16.8061,15.1967,15.2681
606,1501804800000,15.3845,15.6762,14.9223,14.9441
607,1502064000000,15.6049,15.6676,15.235999999999999,15.3747
608,1502150400000,15.507,15.6751,14.9934,14.9936
609,1502236800000,15.1694,15.324000000000002,14.2541,14.2543
610,1502323200000,14.4407,14.5004,13.5342,13.6841
611,1502409600000,14.0209,14.8049,13.8664,14.6045
612,1502668800000,15.2599,15.3566,14.0231,14.2698
613,1502755200000,14.4341,14.4344,13.993,14.0033
614,1502841600000,14.1785,14.4538,13.8007,13.9183
615,1502928000000,14.0093,14.0343,13.6352,13.6937
616,1503014400000,14.1756,14.618,13.4175,13.4611
617,1503273600000,13.9144,14.0985,13.09,13.0964
618,1503360000000,13.2646,14.8478,12.4073,12.4566
619,1503446400000,12.5738,13.4062,12.5738,13.1068
620,1503532800000,13.2367,13.2947,12.7406,12.7809
621,1503619200000,12.9749,14.8545,12.7043,13.8306
622,1503878400000,14.5712,15.6417,14.1163,14.3247
623,1503964800000,15.0883,18.4181,14.7126,14.9414
624,1504051200000,14.9831,15.1905,14.6565,14.6678
625,1504137600000,14.808,15.0211,14.5578,14.5854
626,1504224000000,14.8908,14.9528,14.4964,14.4964
627,1504483200000,15.014000000000001,15.1885,14.8112,15.0096
628,1504569600000,15.2063,15.3497,14.9439,14.9858
629,1504656000000,15.1785,15.302,14.8779,15.2205
630,1504742400000,15.3725,15.4214,14.6923,14.7068
631,1504828800000,14.9431,14.9454,14.4054,14.4603
632,1505088000000,14.9944,15.23,14.7754,15.1054
633,1505174400000,15.3725,15.5036,15.0832,15.1725
634,1505260800000,15.3104,15.5516,15.2032,15.3057
635,1505347200000,15.4625,15.5013,13.9475,14.0614
636,1505433600000,14.2978,14.3379,13.6074,13.6167
637,1505692800000,14.204,14.3767,13.5072,13.7042
638,1505779200000,13.918,13.9459,12.9317,12.9431
639,1505865600000,13.1312,13.1806,12.8008,12.8106
640,1505952000000,13.0066,13.2029,12.5359,12.7534
641,1506038400000,12.8959,13.0715,12.5781,12.5881
642,1506297600000,13.0264,13.3227,12.7975,12.8247
643,1506384000000,13.0282,13.1367,12.5363,12.7333
644,1506470400000,12.8936,13.0887,12.2219,12.3133
645,1506556800000,12.1607,12.2033,10.530999999999999,10.5312
646,1506643200000,10.7208,11.1529,10.6701,11.1195
647,1507507200000,13.5589,14.2176,11.4705,11.5841
648,1507593600000,11.775,12.0377,11.5068,11.6434
649,1507680000000,11.7688,11.9201,10.8644,11.0582
650,1507766400000,11.187999999999999,11.3348,10.6015,10.681
651,1507852800000,10.8416,10.9204,10.5992,10.6648
652,1508112000000,11.057,11.1321,10.3889,10.5521
653,1508198400000,11.1654,11.1656,10.574000000000002,10.6622
654,1508284800000,10.6735,10.8206,10.2113,10.2603
655,1508371200000,10.2422,10.5386,10.1915,10.4619
656,1508457600000,10.6773,10.7199,10.1633,10.4566
657,1508716800000,10.959000000000001,10.9641,10.28,10.3253
658,1508803200000,10.5784,11.7266,10.5511,11.5942
659,1508889600000,11.7308,12.1544,11.2514,11.3523
660,1508976000000,11.5805,11.7381,11.1165,11.1568
661,1509062400000,11.6695,12.046,10.6137,10.7163
662,1509321600000,11.2719,11.7209,11.1887,11.5949
663,1509408000000,11.7228,11.8405,10.8536,10.9312
664,1509494400000,11.0856,11.1145,10.5355,10.6228
665,1509580800000,10.8223,10.9219,10.4993,10.5701
666,1509667200000,10.6883,10.8233,10.3778,10.4148
667,1509926400000,10.8908,11.0501,10.517000000000001,10.6659
668,1510012800000,10.7942,12.8311,10.3007,10.411
669,1510099200000,10.7997,11.2508,10.7197,10.761
670,1510185600000,10.8826,11.2005,10.8613,10.8631
671,1510272000000,11.1326,11.7796,11.0638,11.4307
672,1510531200000,11.8234,12.9064,11.4955,11.5236
673,1510617600000,12.6473,12.897,12.2121,12.2121
674,1510704000000,12.2679,12.582,12.258,12.3081
675,1510790400000,12.3151,12.5101,11.9869,12.0279
676,1510876800000,12.1446,12.8587,12.1446,12.6476
677,1511136000000,13.3591,14.6896,13.3591,14.5608
678,1511222400000,14.4994,16.1803,14.4994,14.5365
679,1511308800000,14.8287,17.3863,14.5202,15.3584
680,1511395200000,16.0367,16.5445,14.9223,16.1017
681,1511481600000,16.413,17.1357,16.2615,16.9154
682,1511740800000,17.6738,18.5018,17.6072,18.0222
683,1511827200000,15.0433,15.6827,14.873,15.0555
684,1511913600000,15.4043,16.3813,15.0035,15.6815
685,1512000000000,15.8315,16.8715,15.5549,16.8045
686,1512086400000,17.0913,18.2983,16.9807,17.9901
687,1512345600000,18.6466,18.9684,15.9432,16.0269
688,1512432000000,16.2441,16.2444,14.2782,15.327
689,1512518400000,15.4732,17.2768,15.4591,16.2383
690,1512604800000,16.3695,17.1824,15.6956,15.7504
691,1512691200000,15.8719,16.5416,14.9775,15.0268
692,1512950400000,15.6773,15.879000000000001,14.6314,14.6837
693,1513036800000,14.8631,15.3346,14.7638,15.2397
694,1513123200000,15.3454,15.6319,14.8176,15.147
695,1513209600000,15.3369,15.7041,14.9191,14.995
696,1513296000000,15.145999999999999,16.0141,14.9449,15.1753
697,1513555200000,15.8258,15.8766,15.2808,15.3489
698,1513641600000,15.4757,15.5951,14.8589,15.1222
699,1513728000000,15.3188,15.7227,15.2721,15.3136
700,1513814400000,15.4951,15.6306,14.7562,14.7645
701,1513900800000,14.9677,15.1739,14.6776,14.6946
702,1514160000000,15.4179,15.7186,14.8651,15.3206
703,1514246400000,15.4894,15.6792,14.8537,15.1254
704,1514332800000,15.1174,16.7914,14.9918,16.7912
705,1514419200000,16.7082,16.8148,15.2346,15.5122
706,1514505600000,15.7017,15.7018,14.1291,14.2726
707,1514851200000,16.099,16.0993,14.7344,15.0325
708,1514937600000,15.3965,15.4611,14.5256,14.8129
709,1515024000000,14.9561,15.0728,14.5295,14.6709
710,1515110400000,14.7805,14.975999999999999,14.415,14.4462
711,1515369600000,15.0447,15.3197,14.7509,14.8107
712,1515456000000,14.9772,15.0131,14.2635,14.2677
713,1515542400000,14.4552,14.7317,14.2898,14.6426
714,1515628800000,14.8742,15.6495,14.7803,14.9479
715,1515715200000,15.15,15.2242,14.3225,14.3225
716,1515974400000,14.9177,15.720999999999998,14.8349,15.4627
717,1516060800000,15.605,16.1016,15.605,15.9929
718,1516147200000,16.2905,18.635,16.2155,16.9044
719,1516233600000,16.9631,18.9054,16.8523,18.8917
720,1516320000000,19.1213,19.5837,17.9893,18.8832
721,1516579200000,19.796,19.8686,18.7956,18.877
722,1516665600000,20.184,20.1844,18.4757,19.2839
723,1516752000000,19.703,21.2018,19.6113,21.0415
724,1516838400000,20.9825,21.08,18.7068,18.7759
725,1516924800000,18.8126,19.1163,16.9478,17.1138
726,1517184000000,17.9105,18.5766,16.9911,18.4905
727,1517270400000,18.8295,18.8973,15.7761,16.0816
728,1517356800000,16.3237,17.4406,16.2116,17.1503
729,1517443200000,17.3418,17.6266,16.774,16.7855
730,1517529600000,17.186,18.1489,16.8406,17.034000000000002
731,1517788800000,18.3916,19.102999999999998,18.0396,18.5466
732,1517875200000,19.5333,22.6151,19.4661,22.2035
733,1517961600000,21.6406,24.2991,20.1458,24.0553
734,1518048000000,24.2884,26.5362,24.2884,25.6732
735,1518134400000,27.0049,38.3435,27.0049,33.0582
736,1518393600000,35.2338,35.5604,24.8219,28.1915
737,1518480000000,28.3861,28.3868,25.4008,27.5291
738,1518566400000,27.723000000000003,27.7494,26.1395,27.316
739,1519257600000,27.32,27.66,27.07,27.07
740,1519344000000,26.98,26.98,23.97,23.97
741,1519603200000,23.98,24.9,23.92,24.32
742,1519689600000,24.35,25.7,24.2,25.59
743,1519776000000,24.6,25.99,24.6,25.97
744,1519862400000,25.98,25.98,24.0,24.08
745,1519948800000,24.08,24.2,23.5,23.6
746,1520208000000,23.6,23.7,22.07,22.17
747,1520294400000,22.15,22.17,21.07,21.15
748,1520380800000,21.17,21.98,21.12,21.85
749,1520467200000,21.84,21.84,20.93,20.93
750,1520553600000,20.92,20.98,20.3,20.38
751,1520812800000,20.36,21.45,20.3,21.29
752,1520899200000,21.3,21.8,21.02,21.69
753,1520985600000,21.78,21.97,20.23,20.81
754,1521072000000,20.71,20.91,19.98,20.17
755,1521158400000,20.7,20.72,19.77,20.59
756,1521417600000,20.73,20.99,20.58,20.81
757,1521504000000,21.22,21.34,20.31,20.59
758,1521590400000,20.86,21.11,20.21,21.11
759,1521676800000,20.95,21.62,20.35,20.57
760,1521763200000,21.2,23.15,21.2,23.15
761,1522022400000,24.7,25.52,22.56,23.11
762,1522108800000,23.27,23.27,21.52,21.79
763,1522195200000,21.92,22.48,21.06,21.4
764,1522281600000,25.5,25.97,24.43,25.38
765,1522368000000,25.34,26.01,24.43,24.85
766,1522627200000,25.3,25.5,24.22,24.47
767,1522713600000,25.13,25.16,24.12,24.38
768,1522800000000,24.36,24.4,23.6,24.1
769,1523232000000,24.71,24.73,24.58,24.66
770,1523318400000,24.66,24.77,22.65,23.01
771,1523404800000,23.3,23.36,22.86,23.21
772,1523491200000,23.39,23.8,23.2,23.69
773,1523577600000,23.4,23.8,23.2,23.79
774,1523836800000,25.1,25.65,25.0,25.25
775,1523923200000,25.25,25.89,25.12,25.32
776,1524009600000,25.2,25.47,24.86,24.9
777,1524096000000,25.15,25.15,23.27,23.3
778,1524182400000,23.65,23.71,22.37,22.6
779,1524441600000,23.4,23.4,22.49,22.51
780,1524528000000,22.71,22.93,21.09,22.56
781,1524614400000,22.95,23.97,22.23,22.3
782,1524700800000,22.3,22.9,22.2,22.6
783,1524787200000,22.85,24.37,22.49,23.39
784,1525219200000,24.93,25.25,24.84,25.13
785,1525305600000,25.26,25.68,24.76,25.3
786,1525392000000,25.5,25.86,25.43,25.66
787,1525651200000,26.44,26.6,25.34,25.46
788,1525737600000,25.54,25.59,24.06,24.13
789,1525824000000,24.37,24.44,23.5,23.68
790,1525910400000,23.68,23.68,22.26,22.27
791,1525996800000,22.4,22.47,21.68,21.78
792,1526256000000,22.31,22.43,20.51,20.52
793,1526342400000,20.76,20.8,19.09,19.57
794,1526428800000,19.88,20.16,19.2,20.16
795,1526515200000,19.99,20.13,18.72,18.78
796,1526601600000,18.82,18.82,16.97,18.36
797,1526860800000,18.78,19.12,17.54,17.95
798,1526947200000,18.16,18.32,17.23,17.91
799,1527033600000,17.8,18.59,17.51,18.57
800,1527120000000,17.84,18.62,17.22,17.98
801,1527206400000,18.02,18.37,17.56,17.99
802,1527465600000,18.43,18.77,17.89,18.2
803,1527552000000,18.57,19.02,18.42,18.8
804,1527638400000,19.09,21.47,19.09,21.47
805,1527724800000,20.83,21.16,19.76,20.27
806,1527811200000,20.42,20.62,20.25,20.47
807,1528070400000,20.55,20.61,19.08,19.52
808,1528156800000,19.57,19.64,18.54,18.74
809,1528243200000,19.1,19.1,18.57,18.86
810,1528329600000,18.87,18.87,18.0,18.23
811,1528416000000,18.23,19.76,18.23,19.24
812,1528675200000,19.95,20.26,19.35,20.04
813,1528761600000,20.35,20.35,18.85,18.94
814,1528848000000,19.19,19.28,18.91,19.25
815,1528934400000,19.56,19.99,18.91,19.62
816,1529020800000,19.84,20.35,19.47,20.02
817,1529366400000,21.99,25.08,21.72,23.67
818,1529452800000,23.82,23.82,21.09,21.14
819,1529539200000,21.3,21.4,19.34,19.86
820,1529625600000,20.1,20.6,19.37,19.39
821,1529884800000,20.19,20.49,19.54,20.49
822,1529971200000,21.13,22.76,20.2,20.6
823,1530057600000,21.06,22.64,20.41,22.15
824,1530144000000,22.97,24.19,22.41,22.9
825,1530230400000,22.91,23.23,20.81,21.16
826,1530489600000,23.43,27.01,23.32,26.38
827,1530576000000,25.55,27.62,25.0,25.93
828,1530662400000,26.48,27.57,26.48,27.12
829,1530748800000,27.4,28.19,26.6,27.43
830,1530835200000,27.06,28.0,25.64,25.72
831,1531094400000,26.11,26.11,22.71,22.74
832,1531180800000,23.65,24.44,22.74,22.83
833,1531267200000,26.19,27.61,25.43,25.52
834,1531353600000,25.57,25.57,22.58,23.35
835,1531440000000,23.95,24.64,23.52,23.52
836,1531699200000,24.6,24.64,23.46,23.46
837,1531785600000,23.97,24.46,22.86,22.9
838,1531872000000,22.62,22.62,21.07,21.86
839,1531958400000,21.45,21.45,20.27,20.73
840,1532044800000,22.52,22.93,20.51,21.3
841,1532304000000,22.96,23.0,21.21,21.37
842,1532390400000,23.6,23.85,23.07,23.3
843,1532476800000,23.7,24.16,23.25,23.28
844,1532563200000,23.53,23.57,22.59,22.61
845,1532649600000,22.88,23.26,21.6,21.68
846,1532908800000,22.6,22.64,21.83,22.02
847,1532995200000,22.38,22.45,21.94,21.94
848,1533081600000,22.47,24.05,21.95,23.8
849,1533168000000,24.2,26.22,24.09,24.73
850,1533254400000,25.17,25.8,24.55,24.89
851,1533513600000,25.69,26.34,24.81,25.73
852,1533600000000,25.6,26.19,25.04,25.28
853,1533686400000,25.43,25.92,25.34,25.43
854,1533772800000,25.76,25.87,24.87,25.32
855,1533859200000,25.35,25.7,24.35,24.53
856,1534118400000,25.86,26.43,24.98,25.33
857,1534204800000,25.45,25.82,25.11,25.19
858,1534291200000,25.55,26.37,25.45,25.92
859,1534377600000,27.0,28.06,26.01,26.17
860,1534464000000,26.06,26.77,25.86,26.35
861,1534723200000,27.23,27.39,26.29,26.3
862,1534809600000,26.53,26.56,23.92,23.95
863,1534896000000,24.28,24.35,22.9,22.97
864,1534982400000,22.97,22.97,21.6,21.97
865,1535068800000,22.24,22.37,21.08,21.91
866,1535328000000,22.32,22.68,21.95,22.03
867,1535414400000,22.21,22.43,21.86,22.21
868,1535500800000,22.59,22.81,22.45,22.7
869,1535587200000,22.68,23.02,22.05,22.72
870,1535673600000,23.28,23.48,22.41,22.42
871,1535932800000,22.46,23.03,22.46,23.03
872,1536019200000,23.03,23.17,21.98,22.1
873,1536105600000,22.37,23.37,22.35,23.25
874,1536192000000,23.87,24.09,23.39,23.84
875,1536278400000,23.78,23.94,23.21,23.39
876,1536537600000,23.39,24.74,23.39,24.54
877,1536624000000,24.63,24.69,23.9,23.96
878,1536710400000,23.96,24.23,23.65,23.65
879,1536796800000,23.73,23.9,23.0,23.1
880,1536883200000,23.25,23.25,21.45,21.58
881,1537142400000,22.41,22.42,20.94,20.94
882,1537228800000,21.13,21.14,19.57,20.37
883,1537315200000,20.55,20.62,18.83,19.19
884,1537401600000,19.35,19.35,18.39,18.39
885,1537488000000,18.75,19.35,18.35,19.25
886,1537833600000,20.93,21.3,20.44,20.47
887,1537920000000,20.76,22.01,20.36,21.11
888,1538006400000,21.56,21.56,20.52,20.6
889,1538092800000,20.75,22.01,20.58,21.78
890,1538956800000,26.0,27.23,24.23,24.4
891,1539043200000,24.05,24.05,22.94,23.11
892,1539129600000,23.22,23.22,22.56,23.12
893,1539216000000,25.37,25.7,24.04,25.56
894,1539302400000,26.5,26.71,25.35,25.83
895,1539561600000,26.75,27.11,26.56,26.85
896,1539648000000,26.88,26.88,25.37,26.38
897,1539734400000,25.9,27.36,25.87,26.53
898,1539820800000,26.84,28.27,26.84,28.08
899,1539907200000,28.5,29.07,25.62,26.04
900,1540166400000,26.83,26.85,25.41,26.15
901,1540252800000,26.63,27.67,26.45,27.46
902,1540339200000,27.92,28.49,27.08,27.44
903,1540425600000,29.6,29.86,28.34,28.47
904,1540512000000,28.68,29.98,28.67,29.37
905,1540771200000,31.5,32.12,31.5,31.81
906,1540857600000,32.22,32.78,31.79,31.79
907,1540944000000,32.27,32.61,31.01,31.1
908,1541030400000,29.44,29.51,28.47,29.06
909,1541116800000,29.38,29.4,28.28,28.28
910,1541376000000,29.79,30.36,29.79,30.13
911,1541462400000,30.47,30.91,30.47,30.84
912,1541548800000,30.92,31.08,30.73,30.9
913,1541635200000,30.73,30.94,30.42,30.43
914,1541721600000,31.04,31.57,30.89,31.01
915,1541980800000,31.83,32.04,31.19,31.33
916,1542067200000,31.88,31.89,30.49,30.59
917,1542153600000,30.9,30.93,30.04,30.04
918,1542240000000,30.49,30.49,29.12,29.33
919,1542326400000,29.61,29.61,28.45,28.68
920,1542585600000,29.64,29.67,28.13,28.13
921,1542672000000,28.54,28.59,27.04,27.24
922,1542758400000,27.54,27.73,26.99,27.13
923,1542844800000,27.41,27.54,26.26,26.35
924,1542931200000,26.52,26.52,25.34,25.62
925,1543190400000,26.63,26.75,25.34,25.76
926,1543276800000,25.98,26.03,24.87,24.88
927,1543363200000,25.11,25.11,23.85,24.19
928,1543449600000,24.15,24.38,23.68,24.33
929,1543536000000,24.13,24.95,23.68,24.9
930,1543795200000,24.26,24.62,22.81,22.82
931,1543881600000,22.23,22.26,20.76,20.83
932,1543968000000,20.92,21.24,20.71,20.78
933,1544054400000,20.49,21.22,20.49,20.94
934,1544140800000,21.0,21.05,19.8,19.91
935,1544400000000,20.5,20.65,19.83,20.36
936,1544486400000,20.47,20.47,20.03,20.33
937,1544572800000,20.44,20.44,20.02,20.17
938,1544659200000,20.27,20.27,19.15,19.2
939,1544745600000,19.41,19.67,19.23,19.44
940,1545004800000,20.21,21.0,20.21,20.33
941,1545091200000,20.58,21.12,20.52,20.64
942,1545177600000,20.91,20.99,20.54,20.75
943,1545264000000,21.5,24.0,21.47,23.2
944,1545350400000,23.39,25.33,23.36,23.78
945,1545609600000,25.94,26.05,22.8,22.83
946,1545696000000,23.8,24.49,23.49,23.85
947,1545782400000,24.01,24.7,23.38,23.38
948,1545868800000,23.81,23.9,23.07,23.13
949,1545955200000,23.08,23.08,22.64,22.71
950,1546387200000,23.48,23.48,22.13,22.22
951,1546473600000,22.37,22.37,21.33,21.68
952,1546560000000,22.28,22.33,21.19,21.2
953,1546819200000,21.79,22.17,21.49,21.61
954,1546905600000,21.67,21.7,20.55,20.69
955,1546992000000,20.43,20.43,18.67,18.87
956,1547078400000,19.07,19.13,18.27,18.52
957,1547164800000,18.49,18.5,17.92,18.15
958,1547424000000,18.45,18.94,18.33,18.45
959,1547510400000,18.46,18.46,17.35,17.61
960,1547596800000,17.78,17.78,16.55,16.6
961,1547683200000,16.71,17.21,16.57,17.21
962,1547769600000,17.12,17.92,16.97,17.67
963,1548028800000,18.52,19.92,18.38,18.93
964,1548115200000,19.21,19.3,17.39,17.46
965,1548201600000,17.84,17.89,16.84,16.9
966,1548288000000,16.6,16.73,15.33,15.39
967,1548374400000,15.42,15.47,14.77,15.02
968,1548633600000,15.97,16.59,15.97,16.54
969,1548720000000,16.9,17.86,16.89,17.81
970,1548806400000,18.19,18.85,18.16,18.3
971,1548892800000,18.42,18.47,17.77,18.03
972,1548979200000,19.09,19.33,18.63,18.63
973,1549843200000,21.0,21.0,19.02,19.05
974,1549929600000,19.17,19.34,18.39,18.54
975,1550016000000,18.7,20.17,18.63,20.0
976,1550102400000,22.28,23.29,21.91,21.95
977,1550188800000,23.12,23.32,19.99,20.32
978,1550448000000,21.3,22.13,21.22,21.99
979,1550534400000,23.61,23.61,22.6,22.86
980,1550620800000,24.15,24.43,22.93,23.65
981,1550707200000,24.82,24.87,21.83,22.58
982,1550793600000,23.84,23.98,22.02,22.36
983,1551052800000,24.1,23.8,34.21,32.8
984,1551139200000,34.3,36.51,30.06,30.98
985,1551225600000,30.95,31.75,30.41,30.93
986,1551312000000,31.08,31.09,28.85,29.13
987,1551398400000,28.6,28.6,27.26,27.32
988,1551657600000,28.63,32.69,28.63,29.6
989,1551744000000,29.91,30.74,29.91,30.52
